code	species	chromosome_id
S002	Acropora_austera	chr1
S002	Acropora_austera	chr2
S002	Acropora_austera	chr3
S002	Acropora_austera	chr4
S002	Acropora_austera	chr5
S002	Acropora_austera	chr6
S002	Acropora_austera	chr7
S002	Acropora_austera	chr8
S002	Acropora_austera	chr9
S002	Acropora_austera	chr10
S002	Acropora_austera	chr11
S002	Acropora_austera	chr12
S002	Acropora_austera	chr13
S002	Acropora_austera	chr14
S006	Acropora_digitifera	chr1Alt
S006	Acropora_digitifera	chr2Alt
S006	Acropora_digitifera	chr3Alt
S006	Acropora_digitifera	chr4Alt
S006	Acropora_digitifera	chr5Alt
S006	Acropora_digitifera	chr6Alt
S006	Acropora_digitifera	chr7Alt
S006	Acropora_digitifera	chr8Alt
S006	Acropora_digitifera	chr9Alt
S006	Acropora_digitifera	chr10Alt
S006	Acropora_digitifera	chr11Alt
S006	Acropora_digitifera	chr12Alt
S006	Acropora_digitifera	chr13Alt
S006	Acropora_digitifera	chr14Alt
S015	Acropora_millepora	NC_058066.1
S015	Acropora_millepora	NC_058067.1
S015	Acropora_millepora	NC_058068.1
S015	Acropora_millepora	NC_058069.1
S015	Acropora_millepora	NC_058070.1
S015	Acropora_millepora	NC_058071.1
S015	Acropora_millepora	NC_058072.1
S015	Acropora_millepora	NC_058073.1
S015	Acropora_millepora	NC_058074.1
S015	Acropora_millepora	NC_058075.1
S015	Acropora_millepora	NC_058076.1
S015	Acropora_millepora	NC_058077.1
S015	Acropora_millepora	NC_058078.1
S015	Acropora_millepora	NC_058079.1
S018	Acropora_palmata	NC_133882.1
S018	Acropora_palmata	NC_133883.1
S018	Acropora_palmata	NC_133884.1
S018	Acropora_palmata	NC_133885.1
S018	Acropora_palmata	NC_133886.1
S018	Acropora_palmata	NC_133887.1
S018	Acropora_palmata	NC_133888.1
S018	Acropora_palmata	NC_133889.1
S018	Acropora_palmata	NC_133890.1
S018	Acropora_palmata	NC_133891.1
S018	Acropora_palmata	NC_133892.1
S018	Acropora_palmata	NC_133893.1
S018	Acropora_palmata	NC_133894.1
S018	Acropora_palmata	NC_133895.1
S021	Acropora_spathulata	chr1
S021	Acropora_spathulata	chr2
S021	Acropora_spathulata	chr3
S021	Acropora_spathulata	chr4
S021	Acropora_spathulata	chr5
S021	Acropora_spathulata	chr6
S021	Acropora_spathulata	chr7
S021	Acropora_spathulata	chr8
S021	Acropora_spathulata	chr9
S021	Acropora_spathulata	chr10
S021	Acropora_spathulata	chr11
S021	Acropora_spathulata	chr12
S021	Acropora_spathulata	chr13
S021	Acropora_spathulata	chr14
S026	Actinia_mediterranea	chr1
S026	Actinia_mediterranea	chr2
S026	Actinia_mediterranea	chr3
S026	Actinia_mediterranea	chr4
S026	Actinia_mediterranea	chr6
S026	Actinia_mediterranea	chr7
S026	Actinia_mediterranea	chr8
S026	Actinia_mediterranea	chr9
S026	Actinia_mediterranea	chr10
S026	Actinia_mediterranea	chr11
S026	Actinia_mediterranea	chr12
S026	Actinia_mediterranea	chr13
S026	Actinia_mediterranea	chr14
S026	Actinia_mediterranea	chr15
S026	Actinia_mediterranea	chr16
S026	Actinia_mediterranea	chr17
S026	Actinia_mediterranea	chr18
S026	Actinia_mediterranea	chr19
S027	Actinia_tenebrosa	NC_044902.1
S028	Actinoscyphia_liui	chr1
S028	Actinoscyphia_liui	chr2
S028	Actinoscyphia_liui	chr3
S028	Actinoscyphia_liui	chr4
S028	Actinoscyphia_liui	chr5
S028	Actinoscyphia_liui	chr6
S028	Actinoscyphia_liui	chr7
S028	Actinoscyphia_liui	chr8
S028	Actinoscyphia_liui	chr9
S028	Actinoscyphia_liui	chr10
S028	Actinoscyphia_liui	chr11
S030	Alvinactis_idsseensis	chr_1
S030	Alvinactis_idsseensis	chr_2
S030	Alvinactis_idsseensis	chr_3
S030	Alvinactis_idsseensis	chr_4
S030	Alvinactis_idsseensis	chr_5
S030	Alvinactis_idsseensis	chr_6
S030	Alvinactis_idsseensis	chr_7
S030	Alvinactis_idsseensis	chr_8
S030	Alvinactis_idsseensis	chr_9
S030	Alvinactis_idsseensis	chr_10
S030	Alvinactis_idsseensis	chr_11
S030	Alvinactis_idsseensis	chr_12
S030	Alvinactis_idsseensis	chr_13
S030	Alvinactis_idsseensis	chr_14
S030	Alvinactis_idsseensis	chr_15
S030	Alvinactis_idsseensis	chr_16
S030	Alvinactis_idsseensis	chr_17
S031	Anthopleura_xanthogrammica	chr1
S031	Anthopleura_xanthogrammica	chr2
S031	Anthopleura_xanthogrammica	chr3
S031	Anthopleura_xanthogrammica	chr4
S031	Anthopleura_xanthogrammica	chr5
S031	Anthopleura_xanthogrammica	chr6
S031	Anthopleura_xanthogrammica	chr7
S031	Anthopleura_xanthogrammica	chr8
S031	Anthopleura_xanthogrammica	chr9
S031	Anthopleura_xanthogrammica	chr10
S031	Anthopleura_xanthogrammica	chr11
S031	Anthopleura_xanthogrammica	chr12
S031	Anthopleura_xanthogrammica	chr13
S031	Anthopleura_xanthogrammica	chr14
S031	Anthopleura_xanthogrammica	chr15
S031	Anthopleura_xanthogrammica	chr16
S031	Anthopleura_xanthogrammica	chr17
S031	Anthopleura_xanthogrammica	chr18
S031	Anthopleura_xanthogrammica	chr19
S036	Aurelia_coerulea	chr1
S036	Aurelia_coerulea	chr10
S036	Aurelia_coerulea	chr11
S036	Aurelia_coerulea	chr12
S036	Aurelia_coerulea	chr13
S036	Aurelia_coerulea	chr14
S036	Aurelia_coerulea	chr15
S036	Aurelia_coerulea	chr16
S036	Aurelia_coerulea	chr17
S036	Aurelia_coerulea	chr18
S036	Aurelia_coerulea	chr19
S036	Aurelia_coerulea	chr2
S036	Aurelia_coerulea	chr20
S036	Aurelia_coerulea	chr21
S036	Aurelia_coerulea	chr3
S036	Aurelia_coerulea	chr4
S036	Aurelia_coerulea	chr5
S036	Aurelia_coerulea	chr6
S036	Aurelia_coerulea	chr7
S036	Aurelia_coerulea	chr8
S036	Aurelia_coerulea	chr9
S037	Aurelia_sp_4	chr1
S037	Aurelia_sp_4	chr2
S037	Aurelia_sp_4	chr3
S037	Aurelia_sp_4	chr4
S037	Aurelia_sp_4	chr5
S037	Aurelia_sp_4	chr6
S037	Aurelia_sp_4	chr7
S037	Aurelia_sp_4	chr8
S037	Aurelia_sp_4	chr9
S037	Aurelia_sp_4	chr10
S037	Aurelia_sp_4	chr11
S037	Aurelia_sp_4	chr12
S037	Aurelia_sp_4	chr13
S037	Aurelia_sp_4	chr14
S037	Aurelia_sp_4	chr15
S037	Aurelia_sp_4	chr16
S037	Aurelia_sp_4	chr17
S037	Aurelia_sp_4	chr18
S037	Aurelia_sp_4	chr19
S037	Aurelia_sp_4	chr20
S037	Aurelia_sp_4	chr21
S038	Blastomussa_wellsi	chr1
S038	Blastomussa_wellsi	chr2
S038	Blastomussa_wellsi	chr3
S038	Blastomussa_wellsi	chr4
S038	Blastomussa_wellsi	chr5
S038	Blastomussa_wellsi	chr6
S038	Blastomussa_wellsi	chr7
S038	Blastomussa_wellsi	chr8
S038	Blastomussa_wellsi	chr9
S038	Blastomussa_wellsi	chr10
S038	Blastomussa_wellsi	chr11
S038	Blastomussa_wellsi	chr12
S038	Blastomussa_wellsi	chr13
S038	Blastomussa_wellsi	chr14
S040	Callogorgia_gracilis	chr1
S040	Callogorgia_gracilis	chr2
S040	Callogorgia_gracilis	chr3
S040	Callogorgia_gracilis	chr4
S040	Callogorgia_gracilis	chr5
S040	Callogorgia_gracilis	chr6
S040	Callogorgia_gracilis	chr7
S040	Callogorgia_gracilis	chr8
S040	Callogorgia_gracilis	chr9
S040	Callogorgia_gracilis	chr10
S040	Callogorgia_gracilis	chr11
S040	Callogorgia_gracilis	chr12
S040	Callogorgia_gracilis	chr13
S040	Callogorgia_gracilis	chr14
S040	Callogorgia_gracilis	chr15
S040	Callogorgia_gracilis	chr16
S040	Callogorgia_gracilis	chr17
S041	Candelabrum_cocksii	chr1
S041	Candelabrum_cocksii	chr2
S041	Candelabrum_cocksii	chr3
S041	Candelabrum_cocksii	chr4
S041	Candelabrum_cocksii	chr5
S041	Candelabrum_cocksii	chr6
S041	Candelabrum_cocksii	chr7
S041	Candelabrum_cocksii	chr8
S041	Candelabrum_cocksii	chr9
S041	Candelabrum_cocksii	chr10
S041	Candelabrum_cocksii	chr11
S041	Candelabrum_cocksii	chr12
S041	Candelabrum_cocksii	chr13
S041	Candelabrum_cocksii	chr14
S041	Candelabrum_cocksii	chr15
S042	Cassiopea_sp_PORT0000214	chr1
S042	Cassiopea_sp_PORT0000214	chr2
S042	Cassiopea_sp_PORT0000214	chr3
S042	Cassiopea_sp_PORT0000214	chr4
S042	Cassiopea_sp_PORT0000214	chr5
S042	Cassiopea_sp_PORT0000214	chr6
S042	Cassiopea_sp_PORT0000214	chr7
S042	Cassiopea_sp_PORT0000214	chr8
S042	Cassiopea_sp_PORT0000214	chr9
S042	Cassiopea_sp_PORT0000214	chr10
S042	Cassiopea_sp_PORT0000214	chr11
S042	Cassiopea_sp_PORT0000214	chr12
S042	Cassiopea_sp_PORT0000214	chr13
S042	Cassiopea_sp_PORT0000214	chr14
S042	Cassiopea_sp_PORT0000214	chr15
S043	Catalaphyllia_jardinei	chr1
S043	Catalaphyllia_jardinei	chr2
S043	Catalaphyllia_jardinei	chr3
S043	Catalaphyllia_jardinei	chr4
S043	Catalaphyllia_jardinei	chr5
S043	Catalaphyllia_jardinei	chr6
S043	Catalaphyllia_jardinei	chr7
S043	Catalaphyllia_jardinei	chr8
S043	Catalaphyllia_jardinei	chr9
S043	Catalaphyllia_jardinei	chr10
S043	Catalaphyllia_jardinei	chr11
S043	Catalaphyllia_jardinei	chr12
S043	Catalaphyllia_jardinei	chr13
S043	Catalaphyllia_jardinei	chr14
S044	Catostylus_mosaicus	chr1
S044	Catostylus_mosaicus	chr2
S044	Catostylus_mosaicus	chr3
S044	Catostylus_mosaicus	chr4
S044	Catostylus_mosaicus	chr5
S044	Catostylus_mosaicus	chr6
S044	Catostylus_mosaicus	chr7
S044	Catostylus_mosaicus	chr8
S044	Catostylus_mosaicus	chr9
S044	Catostylus_mosaicus	chr10
S044	Catostylus_mosaicus	chr11
S044	Catostylus_mosaicus	chr12
S044	Catostylus_mosaicus	chr13
S044	Catostylus_mosaicus	chr14
S044	Catostylus_mosaicus	chr15
S044	Catostylus_mosaicus	chr16
S044	Catostylus_mosaicus	chr17
S044	Catostylus_mosaicus	chr18
S044	Catostylus_mosaicus	chr19
S044	Catostylus_mosaicus	chr20
S044	Catostylus_mosaicus	chr21
S050	Condylactis_gigantea	chr1
S050	Condylactis_gigantea	chr2
S050	Condylactis_gigantea	chr3
S050	Condylactis_gigantea	chr4
S050	Condylactis_gigantea	chr5
S050	Condylactis_gigantea	chr6
S050	Condylactis_gigantea	chr7
S050	Condylactis_gigantea	chr8
S050	Condylactis_gigantea	chr9
S050	Condylactis_gigantea	chr10
S050	Condylactis_gigantea	chr11
S050	Condylactis_gigantea	chr12
S050	Condylactis_gigantea	chr13
S050	Condylactis_gigantea	chr14
S050	Condylactis_gigantea	chr15
S050	Condylactis_gigantea	chr16
S050	Condylactis_gigantea	chr17
S050	Condylactis_gigantea	chr18
S050	Condylactis_gigantea	chr19
S051	Cyphastrea_salae	chr1
S051	Cyphastrea_salae	chr2
S051	Cyphastrea_salae	chr3
S051	Cyphastrea_salae	chr4
S051	Cyphastrea_salae	chr5
S051	Cyphastrea_salae	chr6
S051	Cyphastrea_salae	chr7
S051	Cyphastrea_salae	chr8
S051	Cyphastrea_salae	chr9
S051	Cyphastrea_salae	chr10
S051	Cyphastrea_salae	chr11
S051	Cyphastrea_salae	chr12
S051	Cyphastrea_salae	chr13
S051	Cyphastrea_salae	chr14
S053	Dendronephthya_gigantea	NC_013573.1
S056	Diadumene_lineata	chr1
S056	Diadumene_lineata	chr2
S056	Diadumene_lineata	chr3
S056	Diadumene_lineata	chr4
S056	Diadumene_lineata	chr5
S056	Diadumene_lineata	chr6
S056	Diadumene_lineata	chr7
S056	Diadumene_lineata	chr8
S056	Diadumene_lineata	chr9
S056	Diadumene_lineata	chr10
S056	Diadumene_lineata	chr11
S056	Diadumene_lineata	chr12
S056	Diadumene_lineata	chr13
S056	Diadumene_lineata	chr14
S056	Diadumene_lineata	chr15
S056	Diadumene_lineata	chr16
S057	Duncanopsammia_axifuga	chr1
S057	Duncanopsammia_axifuga	chr2
S057	Duncanopsammia_axifuga	chr3
S057	Duncanopsammia_axifuga	chr4
S057	Duncanopsammia_axifuga	chr5
S057	Duncanopsammia_axifuga	chr6
S057	Duncanopsammia_axifuga	chr7
S057	Duncanopsammia_axifuga	chr8
S057	Duncanopsammia_axifuga	chr9
S057	Duncanopsammia_axifuga	chr10
S057	Duncanopsammia_axifuga	chr11
S057	Duncanopsammia_axifuga	chr12
S057	Duncanopsammia_axifuga	chr13
S057	Duncanopsammia_axifuga	chr14
S058	Echinopora_horrida	chr1
S058	Echinopora_horrida	chr2
S058	Echinopora_horrida	chr3
S058	Echinopora_horrida	chr4
S058	Echinopora_horrida	chr5
S058	Echinopora_horrida	chr6
S058	Echinopora_horrida	chr7
S058	Echinopora_horrida	chr8
S058	Echinopora_horrida	chr9
S058	Echinopora_horrida	chr10
S058	Echinopora_horrida	chr11
S058	Echinopora_horrida	chr12
S058	Echinopora_horrida	chr13
S058	Echinopora_horrida	chr14
S058	Echinopora_horrida	chr15
S058	Echinopora_horrida	chr16
S060	Eunicella_cavolini	chr1
S060	Eunicella_cavolini	chr2
S060	Eunicella_cavolini	chr3
S060	Eunicella_cavolini	chr4
S060	Eunicella_cavolini	chr5
S060	Eunicella_cavolini	chr6
S060	Eunicella_cavolini	chr7
S060	Eunicella_cavolini	chr8
S060	Eunicella_cavolini	chr9
S060	Eunicella_cavolini	chr10
S060	Eunicella_cavolini	chr11
S060	Eunicella_cavolini	chr12
S060	Eunicella_cavolini	chr13
S060	Eunicella_cavolini	chr14
S060	Eunicella_cavolini	chr15
S060	Eunicella_cavolini	chr16
S060	Eunicella_cavolini	chr17
S061	Eunicella_verrucosa	chr1
S061	Eunicella_verrucosa	chr2
S061	Eunicella_verrucosa	chr3
S061	Eunicella_verrucosa	chr4
S061	Eunicella_verrucosa	chr5
S061	Eunicella_verrucosa	chr6
S061	Eunicella_verrucosa	chr7
S061	Eunicella_verrucosa	chr8
S061	Eunicella_verrucosa	chr9
S061	Eunicella_verrucosa	chr10
S061	Eunicella_verrucosa	chr11
S061	Eunicella_verrucosa	chr12
S061	Eunicella_verrucosa	chr13
S061	Eunicella_verrucosa	chr14
S061	Eunicella_verrucosa	chr15
S065	Haliclystus_octoradiatus	chr1
S065	Haliclystus_octoradiatus	chr2
S065	Haliclystus_octoradiatus	chr3
S065	Haliclystus_octoradiatus	chr4
S065	Haliclystus_octoradiatus	chr5
S065	Haliclystus_octoradiatus	chr6
S065	Haliclystus_octoradiatus	chr7
S065	Haliclystus_octoradiatus	chr8
S065	Haliclystus_octoradiatus	chr9
S067	Hemicorallium_imperiale	Chr1
S067	Hemicorallium_imperiale	Chr2
S067	Hemicorallium_imperiale	Chr3
S067	Hemicorallium_imperiale	Chr4
S067	Hemicorallium_imperiale	Chr5
S067	Hemicorallium_imperiale	Chr6
S067	Hemicorallium_imperiale	Chr7
S067	Hemicorallium_imperiale	Chr8
S067	Hemicorallium_imperiale	Chr9
S067	Hemicorallium_imperiale	Chr10
S067	Hemicorallium_imperiale	Chr11
S067	Hemicorallium_imperiale	Chr12
S067	Hemicorallium_imperiale	Chr13
S067	Hemicorallium_imperiale	Chr14
S067	Hemicorallium_imperiale	Chr15
S067	Hemicorallium_imperiale	Chr16
S067	Hemicorallium_imperiale	Chr17
S067	Hemicorallium_imperiale	Chr18
S067	Hemicorallium_imperiale	Chr19
S067	Hemicorallium_imperiale	Chr20
S067	Hemicorallium_imperiale	Chr21
S073	Hydra_vulgaris	NC_088920.1
S073	Hydra_vulgaris	NC_088921.1
S073	Hydra_vulgaris	NC_088922.1
S073	Hydra_vulgaris	NC_088923.1
S073	Hydra_vulgaris	NC_088924.1
S073	Hydra_vulgaris	NC_088925.1
S073	Hydra_vulgaris	NC_088926.1
S073	Hydra_vulgaris	NC_088927.1
S073	Hydra_vulgaris	NC_088928.1
S073	Hydra_vulgaris	NC_088929.1
S073	Hydra_vulgaris	NC_088930.1
S073	Hydra_vulgaris	NC_088931.1
S073	Hydra_vulgaris	NC_088932.1
S073	Hydra_vulgaris	NC_088933.1
S073	Hydra_vulgaris	NC_088934.1
S074	Leptogorgia_sarmentosa	chr1
S074	Leptogorgia_sarmentosa	chr2
S074	Leptogorgia_sarmentosa	chr3
S074	Leptogorgia_sarmentosa	chr4
S074	Leptogorgia_sarmentosa	chr5
S074	Leptogorgia_sarmentosa	chr6
S074	Leptogorgia_sarmentosa	chr7
S074	Leptogorgia_sarmentosa	chr8
S074	Leptogorgia_sarmentosa	chr9
S074	Leptogorgia_sarmentosa	chr10
S074	Leptogorgia_sarmentosa	chr11
S074	Leptogorgia_sarmentosa	chr12
S074	Leptogorgia_sarmentosa	chr13
S074	Leptogorgia_sarmentosa	chr14
S074	Leptogorgia_sarmentosa	chr15
S074	Leptogorgia_sarmentosa	chr16
S074	Leptogorgia_sarmentosa	chr17
S074	Leptogorgia_sarmentosa	chr18
S077	Madracis_auretenra	chr1
S077	Madracis_auretenra	chr2
S077	Madracis_auretenra	chr3
S077	Madracis_auretenra	chr4
S077	Madracis_auretenra	chr5
S077	Madracis_auretenra	chr6
S077	Madracis_auretenra	chr7
S077	Madracis_auretenra	chr8
S077	Madracis_auretenra	chr9
S077	Madracis_auretenra	chr10
S077	Madracis_auretenra	chr11
S077	Madracis_auretenra	chr12
S077	Madracis_auretenra	chr13
S077	Madracis_auretenra	chr14
S078	Madracis_senaria	chr1
S078	Madracis_senaria	chr2
S078	Madracis_senaria	chr3
S078	Madracis_senaria	chr4
S078	Madracis_senaria	chr5
S078	Madracis_senaria	chr6
S078	Madracis_senaria	chr7
S078	Madracis_senaria	chr8
S078	Madracis_senaria	chr9
S078	Madracis_senaria	chr10
S078	Madracis_senaria	chr11
S078	Madracis_senaria	chr12
S078	Madracis_senaria	chr13
S078	Madracis_senaria	chr14
S079	Mastigias_papua	chr1
S079	Mastigias_papua	chr2
S079	Mastigias_papua	chr3
S079	Mastigias_papua	chr4
S079	Mastigias_papua	chr5
S079	Mastigias_papua	chr6
S079	Mastigias_papua	chr7
S079	Mastigias_papua	chr8
S079	Mastigias_papua	chr9
S079	Mastigias_papua	chr10
S079	Mastigias_papua	chr11
S079	Mastigias_papua	chr12
S079	Mastigias_papua	chr13
S079	Mastigias_papua	chr14
S079	Mastigias_papua	chr15
S079	Mastigias_papua	chr16
S079	Mastigias_papua	chr17
S079	Mastigias_papua	chr18
S079	Mastigias_papua	chr19
S079	Mastigias_papua	chr20
S079	Mastigias_papua	chr21
S080	Meandrina_meandrites	chr1
S080	Meandrina_meandrites	chr2
S080	Meandrina_meandrites	chr3
S080	Meandrina_meandrites	chr4
S080	Meandrina_meandrites	chr5
S080	Meandrina_meandrites	chr6
S080	Meandrina_meandrites	chr7
S080	Meandrina_meandrites	chr8
S080	Meandrina_meandrites	chr9
S080	Meandrina_meandrites	chr10
S080	Meandrina_meandrites	chr11
S080	Meandrina_meandrites	chr12
S080	Meandrina_meandrites	chr13
S080	Meandrina_meandrites	chr14
S081	Metridium_senile	chr1
S081	Metridium_senile	chr2
S081	Metridium_senile	chr3
S081	Metridium_senile	chr4
S081	Metridium_senile	chr5
S081	Metridium_senile	chr6
S081	Metridium_senile	chr7
S081	Metridium_senile	chr8
S081	Metridium_senile	chr9
S081	Metridium_senile	chr10
S081	Metridium_senile	chr11
S081	Metridium_senile	chr12
S081	Metridium_senile	chr13
S081	Metridium_senile	chr14
S081	Metridium_senile	chr15
S081	Metridium_senile	chr16
S082	Micromussa_lordhowensis	chr1
S082	Micromussa_lordhowensis	chr2
S082	Micromussa_lordhowensis	chr3
S082	Micromussa_lordhowensis	chr4
S082	Micromussa_lordhowensis	chr5
S082	Micromussa_lordhowensis	chr6
S082	Micromussa_lordhowensis	chr7
S082	Micromussa_lordhowensis	chr8
S082	Micromussa_lordhowensis	chr9
S082	Micromussa_lordhowensis	chr10
S082	Micromussa_lordhowensis	chr11
S082	Micromussa_lordhowensis	chr12
S082	Micromussa_lordhowensis	chr13
S082	Micromussa_lordhowensis	chr14
S082	Micromussa_lordhowensis	chr15
S083	Millepora_alcicornis	chr1
S083	Millepora_alcicornis	chr2
S083	Millepora_alcicornis	chr3
S083	Millepora_alcicornis	chr4
S083	Millepora_alcicornis	chr5
S083	Millepora_alcicornis	chr6
S083	Millepora_alcicornis	chr7
S083	Millepora_alcicornis	chr8
S083	Millepora_alcicornis	chr9
S083	Millepora_alcicornis	chr10
S083	Millepora_alcicornis	chr11
S083	Millepora_alcicornis	chr12
S083	Millepora_alcicornis	chr13
S083	Millepora_alcicornis	chr14
S083	Millepora_alcicornis	chr15
S084	Millepora_complanata	chr1
S084	Millepora_complanata	chr2
S084	Millepora_complanata	chr3
S084	Millepora_complanata	chr4
S084	Millepora_complanata	chr5
S084	Millepora_complanata	chr6
S084	Millepora_complanata	chr7
S084	Millepora_complanata	chr8
S084	Millepora_complanata	chr9
S084	Millepora_complanata	chr10
S084	Millepora_complanata	chr11
S084	Millepora_complanata	chr12
S084	Millepora_complanata	chr13
S084	Millepora_complanata	chr14
S084	Millepora_complanata	chr15
S085	Millepora_dichotoma	chr1
S085	Millepora_dichotoma	chr2
S085	Millepora_dichotoma	chr3
S085	Millepora_dichotoma	chr4
S085	Millepora_dichotoma	chr5
S085	Millepora_dichotoma	chr6
S085	Millepora_dichotoma	chr7
S085	Millepora_dichotoma	chr8
S085	Millepora_dichotoma	chr9
S085	Millepora_dichotoma	chr10
S085	Millepora_dichotoma	chr11
S085	Millepora_dichotoma	chr12
S085	Millepora_dichotoma	chr13
S085	Millepora_dichotoma	chr14
S085	Millepora_dichotoma	chr15
S088	Montipora_capricornis	chr1
S088	Montipora_capricornis	chr2
S088	Montipora_capricornis	chr3
S088	Montipora_capricornis	chr4
S088	Montipora_capricornis	chr5
S088	Montipora_capricornis	chr6
S088	Montipora_capricornis	chr7
S088	Montipora_capricornis	chr8
S088	Montipora_capricornis	chr9
S088	Montipora_capricornis	chr10
S088	Montipora_capricornis	chr11
S088	Montipora_capricornis	chr12
S088	Montipora_capricornis	chr13
S088	Montipora_capricornis	chr14
S090	Montipora_foliosa	chr1
S090	Montipora_foliosa	chr2
S090	Montipora_foliosa	chr3
S090	Montipora_foliosa	chr4
S090	Montipora_foliosa	chr5
S090	Montipora_foliosa	chr6
S090	Montipora_foliosa	chr7
S090	Montipora_foliosa	chr8
S090	Montipora_foliosa	chr9
S090	Montipora_foliosa	chr10
S090	Montipora_foliosa	chr11
S090	Montipora_foliosa	chr12
S090	Montipora_foliosa	chr13
S090	Montipora_foliosa	chr14
S093	Muricea_muricata	chr1
S093	Muricea_muricata	chr2
S093	Muricea_muricata	chr3
S093	Muricea_muricata	chr4
S093	Muricea_muricata	chr5
S093	Muricea_muricata	chr6
S093	Muricea_muricata	chr7
S093	Muricea_muricata	chr8
S093	Muricea_muricata	chr9
S093	Muricea_muricata	chr10
S093	Muricea_muricata	chr11
S093	Muricea_muricata	chr12
S093	Muricea_muricata	chr13
S093	Muricea_muricata	chr14
S093	Muricea_muricata	chr15
S093	Muricea_muricata	chr16
S096	Nanomia_septata	chr1
S096	Nanomia_septata	chr2
S096	Nanomia_septata	chr3
S096	Nanomia_septata	chr4
S096	Nanomia_septata	chr5
S096	Nanomia_septata	chr6
S096	Nanomia_septata	chr7
S096	Nanomia_septata	chr8
S097	Nematostella_vectensis	NC_064034.1
S097	Nematostella_vectensis	NC_064035.1
S097	Nematostella_vectensis	NC_064036.1
S097	Nematostella_vectensis	NC_064037.1
S097	Nematostella_vectensis	NC_064038.1
S097	Nematostella_vectensis	NC_064039.1
S097	Nematostella_vectensis	NC_064040.1
S097	Nematostella_vectensis	NC_064041.1
S097	Nematostella_vectensis	NC_064042.1
S097	Nematostella_vectensis	NC_064043.1
S097	Nematostella_vectensis	NC_064044.1
S097	Nematostella_vectensis	NC_064045.1
S097	Nematostella_vectensis	NC_064046.1
S097	Nematostella_vectensis	NC_064047.1
S097	Nematostella_vectensis	NC_064048.1
S099	Oculina_arbuscula	chr1
S099	Oculina_arbuscula	chr2
S099	Oculina_arbuscula	chr3
S099	Oculina_arbuscula	chr4
S099	Oculina_arbuscula	chr5
S099	Oculina_arbuscula	chr6
S099	Oculina_arbuscula	chr7
S099	Oculina_arbuscula	chr8
S099	Oculina_arbuscula	chr9
S099	Oculina_arbuscula	chr10
S099	Oculina_arbuscula	chr11
S099	Oculina_arbuscula	chr12
S099	Oculina_arbuscula	chr13
S099	Oculina_arbuscula	chr14
S100	Oculina_patagonica	chr1
S100	Oculina_patagonica	chr2
S100	Oculina_patagonica	chr3
S100	Oculina_patagonica	chr4
S100	Oculina_patagonica	chr5
S100	Oculina_patagonica	chr6
S100	Oculina_patagonica	chr7
S100	Oculina_patagonica	chr8
S100	Oculina_patagonica	chr9
S100	Oculina_patagonica	chr10
S100	Oculina_patagonica	chr11
S100	Oculina_patagonica	chr12
S100	Oculina_patagonica	chr13
S100	Oculina_patagonica	chr14
S102	Orbicella_franksi	chr1
S102	Orbicella_franksi	chr2
S102	Orbicella_franksi	chr3
S102	Orbicella_franksi	chr4
S102	Orbicella_franksi	chr5
S102	Orbicella_franksi	chr6
S102	Orbicella_franksi	chr7
S102	Orbicella_franksi	chr8
S102	Orbicella_franksi	chr9
S102	Orbicella_franksi	chr10
S102	Orbicella_franksi	chr11
S102	Orbicella_franksi	chr12
S102	Orbicella_franksi	chr13
S102	Orbicella_franksi	chr14
S102	Orbicella_franksi	chr15
S106	Paracondylactis_sinensis	Chr_1
S106	Paracondylactis_sinensis	Chr_2
S106	Paracondylactis_sinensis	Chr_3
S106	Paracondylactis_sinensis	Chr_4
S106	Paracondylactis_sinensis	Chr_5
S106	Paracondylactis_sinensis	Chr_6
S106	Paracondylactis_sinensis	Chr_7
S106	Paracondylactis_sinensis	Chr_8
S106	Paracondylactis_sinensis	Chr_9
S106	Paracondylactis_sinensis	Chr_10
S106	Paracondylactis_sinensis	Chr_11
S106	Paracondylactis_sinensis	Chr_12
S106	Paracondylactis_sinensis	Chr_13
S106	Paracondylactis_sinensis	Chr_14
S106	Paracondylactis_sinensis	Chr_15
S106	Paracondylactis_sinensis	Chr_16
S106	Paracondylactis_sinensis	Chr_17
S106	Paracondylactis_sinensis	Chr_18
S106	Paracondylactis_sinensis	Chr_19
S110	Pelagia_noctiluca	chr1
S110	Pelagia_noctiluca	chr2
S110	Pelagia_noctiluca	chr3
S110	Pelagia_noctiluca	chr4
S110	Pelagia_noctiluca	chr5
S110	Pelagia_noctiluca	chr6
S110	Pelagia_noctiluca	chr7
S110	Pelagia_noctiluca	chr8
S110	Pelagia_noctiluca	chr9
S110	Pelagia_noctiluca	chr10
S110	Pelagia_noctiluca	chr11
S110	Pelagia_noctiluca	chr12
S110	Pelagia_noctiluca	chr13
S110	Pelagia_noctiluca	chr14
S110	Pelagia_noctiluca	chr15
S110	Pelagia_noctiluca	chr16
S110	Pelagia_noctiluca	chr17
S110	Pelagia_noctiluca	chr18
S110	Pelagia_noctiluca	chr19
S110	Pelagia_noctiluca	chr20
S110	Pelagia_noctiluca	chr21
S112	Plumapathes_pennacea	chr1
S112	Plumapathes_pennacea	chr2
S112	Plumapathes_pennacea	chr3
S112	Plumapathes_pennacea	chr4
S112	Plumapathes_pennacea	chr5
S112	Plumapathes_pennacea	chr6
S112	Plumapathes_pennacea	chr7
S112	Plumapathes_pennacea	chr8
S112	Plumapathes_pennacea	chr9
S112	Plumapathes_pennacea	chr10
S112	Plumapathes_pennacea	chr11
S112	Plumapathes_pennacea	chr12
S116	Pocillopora_verrucosa	chr1
S116	Pocillopora_verrucosa	chr2
S116	Pocillopora_verrucosa	chr3
S116	Pocillopora_verrucosa	chr4
S116	Pocillopora_verrucosa	chr5
S116	Pocillopora_verrucosa	chr6
S116	Pocillopora_verrucosa	chr7
S116	Pocillopora_verrucosa	chr8
S116	Pocillopora_verrucosa	chr9
S116	Pocillopora_verrucosa	chr10
S116	Pocillopora_verrucosa	chr11
S116	Pocillopora_verrucosa	chr12
S116	Pocillopora_verrucosa	chr13
S116	Pocillopora_verrucosa	chr14
S120	Porites_cylindrica	chr1
S120	Porites_cylindrica	chr2
S120	Porites_cylindrica	chr3
S120	Porites_cylindrica	chr4
S120	Porites_cylindrica	chr5
S120	Porites_cylindrica	chr6
S120	Porites_cylindrica	chr7
S120	Porites_cylindrica	chr8
S120	Porites_cylindrica	chr9
S120	Porites_cylindrica	chr10
S120	Porites_cylindrica	chr11
S120	Porites_cylindrica	chr12
S120	Porites_cylindrica	chr13
S120	Porites_cylindrica	chr14
S121	Porites_divaricata	chr1
S121	Porites_divaricata	chr2
S121	Porites_divaricata	chr3
S121	Porites_divaricata	chr4
S121	Porites_divaricata	chr5
S121	Porites_divaricata	chr6
S121	Porites_divaricata	chr7
S121	Porites_divaricata	chr8
S121	Porites_divaricata	chr9
S121	Porites_divaricata	chr10
S121	Porites_divaricata	chr11
S121	Porites_divaricata	chr12
S121	Porites_divaricata	chr13
S125	Porites_lutea	chr1
S125	Porites_lutea	chr2
S125	Porites_lutea	chr3
S125	Porites_lutea	chr4
S125	Porites_lutea	chr5
S125	Porites_lutea	chr6
S125	Porites_lutea	chr7
S125	Porites_lutea	chr8
S125	Porites_lutea	chr9
S125	Porites_lutea	chr10
S125	Porites_lutea	chr11
S125	Porites_lutea	chr12
S125	Porites_lutea	chr13
S125	Porites_lutea	chr14
S126	Porites_rus	chr1
S126	Porites_rus	chr2
S126	Porites_rus	chr3
S126	Porites_rus	chr4
S126	Porites_rus	chr5
S126	Porites_rus	chr6
S126	Porites_rus	chr7
S126	Porites_rus	chr8
S126	Porites_rus	chr9
S126	Porites_rus	chr10
S126	Porites_rus	chr11
S126	Porites_rus	chr12
S126	Porites_rus	chr13
S126	Porites_rus	chr14
S127	Pteroeides_griseum	chr1
S127	Pteroeides_griseum	chr2
S127	Pteroeides_griseum	chr3
S127	Pteroeides_griseum	chr4
S127	Pteroeides_griseum	chr5
S127	Pteroeides_griseum	chr6
S127	Pteroeides_griseum	chr7
S127	Pteroeides_griseum	chr8
S127	Pteroeides_griseum	chr9
S127	Pteroeides_griseum	chr10
S127	Pteroeides_griseum	chr11
S127	Pteroeides_griseum	chr12
S127	Pteroeides_griseum	chr13
S127	Pteroeides_griseum	chr14
S127	Pteroeides_griseum	chr15
S127	Pteroeides_griseum	chr16
S127	Pteroeides_griseum	chr17
S127	Pteroeides_griseum	chr18
S127	Pteroeides_griseum	chr19
S127	Pteroeides_griseum	chr20
S128	Rhodactis_osculifera	chr1
S128	Rhodactis_osculifera	chr2
S128	Rhodactis_osculifera	chr3
S128	Rhodactis_osculifera	chr4
S128	Rhodactis_osculifera	chr5
S128	Rhodactis_osculifera	chr6
S128	Rhodactis_osculifera	chr7
S128	Rhodactis_osculifera	chr8
S128	Rhodactis_osculifera	chr9
S128	Rhodactis_osculifera	chr10
S128	Rhodactis_osculifera	chr11
S128	Rhodactis_osculifera	chr12
S128	Rhodactis_osculifera	chr13
S128	Rhodactis_osculifera	chr14
S128	Rhodactis_osculifera	chr15
S128	Rhodactis_osculifera	chr16
S128	Rhodactis_osculifera	chr17
S130	Ricordea_florida	chr1
S130	Ricordea_florida	chr2
S130	Ricordea_florida	chr3
S130	Ricordea_florida	chr4
S130	Ricordea_florida	chr5
S130	Ricordea_florida	chr6
S130	Ricordea_florida	chr7
S130	Ricordea_florida	chr8
S130	Ricordea_florida	chr9
S130	Ricordea_florida	chr10
S130	Ricordea_florida	chr11
S130	Ricordea_florida	chr12
S130	Ricordea_florida	chr13
S130	Ricordea_florida	chr14
S130	Ricordea_florida	chr15
S130	Ricordea_florida	chr16
S132	Scolanthus_callimorphus	chr1
S132	Scolanthus_callimorphus	chr2
S132	Scolanthus_callimorphus	chr3
S132	Scolanthus_callimorphus	chr4
S132	Scolanthus_callimorphus	chr5
S132	Scolanthus_callimorphus	chr6
S132	Scolanthus_callimorphus	chr7
S132	Scolanthus_callimorphus	chr8
S132	Scolanthus_callimorphus	chr9
S132	Scolanthus_callimorphus	chr10
S132	Scolanthus_callimorphus	chr11
S132	Scolanthus_callimorphus	chr12
S132	Scolanthus_callimorphus	chr13
S132	Scolanthus_callimorphus	chr14
S132	Scolanthus_callimorphus	chr15
S133	Siderastrea_radians	chr1
S133	Siderastrea_radians	chr2
S133	Siderastrea_radians	chr3
S133	Siderastrea_radians	chr4
S133	Siderastrea_radians	chr5
S133	Siderastrea_radians	chr6
S133	Siderastrea_radians	chr7
S133	Siderastrea_radians	chr8
S133	Siderastrea_radians	chr9
S133	Siderastrea_radians	chr10
S133	Siderastrea_radians	chr11
S133	Siderastrea_radians	chr12
S133	Siderastrea_radians	chr13
S133	Siderastrea_radians	chr14
S135	Stephanocoenia_intersepta	chr1
S135	Stephanocoenia_intersepta	chr2
S135	Stephanocoenia_intersepta	chr3
S135	Stephanocoenia_intersepta	chr4
S135	Stephanocoenia_intersepta	chr5
S135	Stephanocoenia_intersepta	chr6
S135	Stephanocoenia_intersepta	chr7
S135	Stephanocoenia_intersepta	chr8
S135	Stephanocoenia_intersepta	chr9
S135	Stephanocoenia_intersepta	chr10
S135	Stephanocoenia_intersepta	chr11
S135	Stephanocoenia_intersepta	chr12
S135	Stephanocoenia_intersepta	chr13
S142	Turbinaria_reniformis	chr1
S142	Turbinaria_reniformis	chr2
S142	Turbinaria_reniformis	chr3
S142	Turbinaria_reniformis	chr4
S142	Turbinaria_reniformis	chr5
S142	Turbinaria_reniformis	chr6
S142	Turbinaria_reniformis	chr7
S142	Turbinaria_reniformis	chr8
S142	Turbinaria_reniformis	chr9
S142	Turbinaria_reniformis	chr10
S142	Turbinaria_reniformis	chr11
S142	Turbinaria_reniformis	chr12
S142	Turbinaria_reniformis	chr13
S142	Turbinaria_reniformis	chr14
