code	S006	S026	S030	S032	S037	S041	S044	S050	S051	S054	S060	S065	S070	S073	S080	S093	S097	S112	S116	S121	S127	S130
S006	0	0	0	0	0	0	0	0	0	0	0	0	0	0	0	0	0	410	641	497	68	293
S026	0	0	0	0	0	0	0	0	0	0	0	0	0	0	0	0	0	280	273	295	37	91
S030	0	0	0	0	0	0	0	0	0	0	0	0	0	0	0	0	0	239	285	261	37	72
S032	0	0	0	0	0	0	0	0	0	0	0	0	0	0	0	0	0	450	574	610	55	391
S037	0	0	0	0	0	0	0	0	0	0	0	0	0	0	0	0	0	5	1	7	1	0
S041	0	0	0	0	0	0	0	0	0	0	0	0	0	0	0	0	0	0	0	0	1	0
S044	0	0	0	0	0	0	0	0	0	0	0	0	0	0	0	0	0	0	1	2	2	0
S050	0	0	0	0	0	0	0	0	0	0	0	0	0	0	0	0	0	261	295	303	52	87
S051	0	0	0	0	0	0	0	0	0	0	0	0	0	0	0	0	0	467	591	631	79	393
S054	0	0	0	0	0	0	0	0	0	0	0	0	0	0	0	0	0	392	722	519	43	317
S060	0	0	0	0	0	0	0	0	0	0	0	0	0	0	0	0	0	48	56	66	519	13
S065	0	0	0	0	0	0	0	0	0	0	0	0	0	0	0	0	0	2	1	3	0	1
S070	0	0	0	0	0	0	0	0	0	0	0	0	0	0	0	0	0	0	1	0	2	0
S073	0	0	0	0	0	0	0	0	0	0	0	0	0	0	0	0	0	0	0	1	0	0
S080	0	0	0	0	0	0	0	0	0	0	0	0	0	0	0	0	0	479	520	603	66	408
S093	0	0	0	0	0	0	0	0	0	0	0	0	0	0	0	0	0	49	53	58	485	8
S097	0	0	0	0	0	0	0	0	0	0	0	0	0	0	0	0	0	93	113	115	25	19
S112	410	280	239	450	5	0	0	261	467	392	48	2	0	0	479	49	93	0	0	0	0	0
S116	641	273	285	574	1	0	1	295	591	722	56	1	1	0	520	53	113	0	0	0	0	0
S121	497	295	261	610	7	0	2	303	631	519	66	3	0	1	603	58	115	0	0	0	0	0
S127	68	37	37	55	1	1	2	52	79	43	519	0	2	0	66	485	25	0	0	0	0	0
S130	293	91	72	391	0	0	0	87	393	317	13	1	0	0	408	8	19	0	0	0	0	0
