species_a	species_b	blocks	collinear_gene_pairs	min_protein_genes	gene_pair_density	source_collinearity
S006	S026	0	0	34513	0.00000000	/mnt/sda/jiakai/gxxfx/pansyn_from_scratch_20260731/03_mcscanx_144_clean/S006_S026/S006_S026.collinearity
S006	S030	0	0	31960	0.00000000	/mnt/sda/jiakai/gxxfx/pansyn_from_scratch_20260731/03_mcscanx_144_clean/S006_S030/S006_S030.collinearity
S006	S032	0	0	34513	0.00000000	/mnt/sda/jiakai/gxxfx/pansyn_from_scratch_20260731/03_mcscanx_144_clean/S006_S032/S006_S032.collinearity
S006	S037	0	0	31345	0.00000000	/mnt/sda/jiakai/gxxfx/pansyn_from_scratch_20260731/03_mcscanx_144_clean/S006_S037/S006_S037.collinearity
S006	S041	0	0	28910	0.00000000	/mnt/sda/jiakai/gxxfx/pansyn_from_scratch_20260731/03_mcscanx_144_clean/S041_S006/S041_S006.collinearity
S006	S044	0	0	24878	0.00000000	/mnt/sda/jiakai/gxxfx/pansyn_from_scratch_20260731/03_mcscanx_144_clean/S044_S006/S044_S006.collinearity
S006	S050	0	0	34513	0.00000000	/mnt/sda/jiakai/gxxfx/pansyn_from_scratch_20260731/03_mcscanx_144_clean/S006_S050/S006_S050.collinearity
S006	S051	0	0	34513	0.00000000	/mnt/sda/jiakai/gxxfx/pansyn_from_scratch_20260731/03_mcscanx_144_clean/S006_S051/S006_S051.collinearity
S006	S054	0	0	34513	0.00000000	/mnt/sda/jiakai/gxxfx/pansyn_from_scratch_20260731/03_mcscanx_144_clean/S006_S054/S006_S054.collinearity
S006	S060	0	0	34513	0.00000000	/mnt/sda/jiakai/gxxfx/pansyn_from_scratch_20260731/03_mcscanx_144_clean/S006_S060/S006_S060.collinearity
S006	S065	0	0	34513	0.00000000	/mnt/sda/jiakai/gxxfx/pansyn_from_scratch_20260731/03_mcscanx_144_clean/S006_S065/S006_S065.collinearity
S006	S070	0	0	25825	0.00000000	/mnt/sda/jiakai/gxxfx/pansyn_from_scratch_20260731/03_mcscanx_144_clean/S006_S070/S006_S070.collinearity
S006	S073	0	0	33388	0.00000000	/mnt/sda/jiakai/gxxfx/pansyn_from_scratch_20260731/03_mcscanx_144_clean/S006_S073/S006_S073.collinearity
S006	S080	0	0	34513	0.00000000	/mnt/sda/jiakai/gxxfx/pansyn_from_scratch_20260731/03_mcscanx_144_clean/S006_S080/S006_S080.collinearity
S006	S093	0	0	34513	0.00000000	/mnt/sda/jiakai/gxxfx/pansyn_from_scratch_20260731/03_mcscanx_144_clean/S006_S093/S006_S093.collinearity
S006	S097	0	0	32370	0.00000000	/mnt/sda/jiakai/gxxfx/pansyn_from_scratch_20260731/03_mcscanx_144_clean/S006_S097/S006_S097.collinearity
S006	S112	410	3571	34513	0.10346826	/mnt/sda/jiakai/gxxfx/pansyn_from_scratch_20260731/03_mcscanx_144_clean/S006_S112/S006_S112.collinearity
S006	S116	641	9300	34513	0.26946368	/mnt/sda/jiakai/gxxfx/pansyn_from_scratch_20260731/03_mcscanx_144_clean/S116_S006/S116_S006.collinearity
S006	S121	497	10205	31268	0.32637201	/mnt/sda/jiakai/gxxfx/pansyn_from_scratch_20260731/03_mcscanx_144_clean/S121_S006/S121_S006.collinearity
S006	S127	68	489	34513	0.01416857	/mnt/sda/jiakai/gxxfx/pansyn_from_scratch_20260731/03_mcscanx_144_clean/S006_S127/S006_S127.collinearity
S006	S130	293	2421	34513	0.07014748	/mnt/sda/jiakai/gxxfx/pansyn_from_scratch_20260731/03_mcscanx_144_clean/S006_S130/S006_S130.collinearity
S026	S030	0	0	31960	0.00000000	/mnt/sda/jiakai/gxxfx/pansyn_from_scratch_20260731/03_mcscanx_144_clean/S030_S026/S030_S026.collinearity
S026	S032	0	0	45867	0.00000000	/mnt/sda/jiakai/gxxfx/pansyn_from_scratch_20260731/03_mcscanx_144_clean/S032_S026/S032_S026.collinearity
S026	S037	0	0	31345	0.00000000	/mnt/sda/jiakai/gxxfx/pansyn_from_scratch_20260731/03_mcscanx_144_clean/S037_S026/S037_S026.collinearity
S026	S041	0	0	28910	0.00000000	/mnt/sda/jiakai/gxxfx/pansyn_from_scratch_20260731/03_mcscanx_144_clean/S041_S026/S041_S026.collinearity
S026	S044	0	0	24878	0.00000000	/mnt/sda/jiakai/gxxfx/pansyn_from_scratch_20260731/03_mcscanx_144_clean/S044_S026/S044_S026.collinearity
S026	S050	0	0	36078	0.00000000	/mnt/sda/jiakai/gxxfx/pansyn_from_scratch_20260731/03_mcscanx_144_clean/S050_S026/S050_S026.collinearity
S026	S051	0	0	38234	0.00000000	/mnt/sda/jiakai/gxxfx/pansyn_from_scratch_20260731/03_mcscanx_144_clean/S051_S026/S051_S026.collinearity
S026	S054	0	0	79828	0.00000000	/mnt/sda/jiakai/gxxfx/pansyn_from_scratch_20260731/03_mcscanx_144_clean/S054_S026/S054_S026.collinearity
S026	S060	0	0	49606	0.00000000	/mnt/sda/jiakai/gxxfx/pansyn_from_scratch_20260731/03_mcscanx_144_clean/S060_S026/S060_S026.collinearity
S026	S065	0	0	42564	0.00000000	/mnt/sda/jiakai/gxxfx/pansyn_from_scratch_20260731/03_mcscanx_144_clean/S065_S026/S065_S026.collinearity
S026	S070	0	0	25825	0.00000000	/mnt/sda/jiakai/gxxfx/pansyn_from_scratch_20260731/03_mcscanx_144_clean/S026_S070/S026_S070.collinearity
S026	S073	0	0	33388	0.00000000	/mnt/sda/jiakai/gxxfx/pansyn_from_scratch_20260731/03_mcscanx_144_clean/S073_S026/S073_S026.collinearity
S026	S080	0	0	42967	0.00000000	/mnt/sda/jiakai/gxxfx/pansyn_from_scratch_20260731/03_mcscanx_144_clean/S080_S026/S080_S026.collinearity
S026	S093	0	0	55339	0.00000000	/mnt/sda/jiakai/gxxfx/pansyn_from_scratch_20260731/03_mcscanx_144_clean/S026_S093/S026_S093.collinearity
S026	S097	0	0	32370	0.00000000	/mnt/sda/jiakai/gxxfx/pansyn_from_scratch_20260731/03_mcscanx_144_clean/S097_S026/S097_S026.collinearity
S026	S112	280	2251	43876	0.05130367	/mnt/sda/jiakai/gxxfx/pansyn_from_scratch_20260731/03_mcscanx_144_clean/S112_S026/S112_S026.collinearity
S026	S116	273	2300	37406	0.06148746	/mnt/sda/jiakai/gxxfx/pansyn_from_scratch_20260731/03_mcscanx_144_clean/S116_S026/S116_S026.collinearity
S026	S121	295	2447	31268	0.07825892	/mnt/sda/jiakai/gxxfx/pansyn_from_scratch_20260731/03_mcscanx_144_clean/S121_S026/S121_S026.collinearity
S026	S127	37	257	36724	0.00699815	/mnt/sda/jiakai/gxxfx/pansyn_from_scratch_20260731/03_mcscanx_144_clean/S127_S026/S127_S026.collinearity
S026	S130	91	687	54519	0.01260111	/mnt/sda/jiakai/gxxfx/pansyn_from_scratch_20260731/03_mcscanx_144_clean/S130_S026/S130_S026.collinearity
S030	S032	0	0	31960	0.00000000	/mnt/sda/jiakai/gxxfx/pansyn_from_scratch_20260731/03_mcscanx_144_clean/S030_S032/S030_S032.collinearity
S030	S037	0	0	31345	0.00000000	/mnt/sda/jiakai/gxxfx/pansyn_from_scratch_20260731/03_mcscanx_144_clean/S030_S037/S030_S037.collinearity
S030	S041	0	0	28910	0.00000000	/mnt/sda/jiakai/gxxfx/pansyn_from_scratch_20260731/03_mcscanx_144_clean/S041_S030/S041_S030.collinearity
S030	S044	0	0	24878	0.00000000	/mnt/sda/jiakai/gxxfx/pansyn_from_scratch_20260731/03_mcscanx_144_clean/S044_S030/S044_S030.collinearity
S030	S050	0	0	31960	0.00000000	/mnt/sda/jiakai/gxxfx/pansyn_from_scratch_20260731/03_mcscanx_144_clean/S030_S050/S030_S050.collinearity
S030	S051	0	0	31960	0.00000000	/mnt/sda/jiakai/gxxfx/pansyn_from_scratch_20260731/03_mcscanx_144_clean/S030_S051/S030_S051.collinearity
S030	S054	0	0	31960	0.00000000	/mnt/sda/jiakai/gxxfx/pansyn_from_scratch_20260731/03_mcscanx_144_clean/S030_S054/S030_S054.collinearity
S030	S060	0	0	31960	0.00000000	/mnt/sda/jiakai/gxxfx/pansyn_from_scratch_20260731/03_mcscanx_144_clean/S030_S060/S030_S060.collinearity
S030	S065	0	0	31960	0.00000000	/mnt/sda/jiakai/gxxfx/pansyn_from_scratch_20260731/03_mcscanx_144_clean/S030_S065/S030_S065.collinearity
S030	S070	0	0	25825	0.00000000	/mnt/sda/jiakai/gxxfx/pansyn_from_scratch_20260731/03_mcscanx_144_clean/S030_S070/S030_S070.collinearity
S030	S073	0	0	31960	0.00000000	/mnt/sda/jiakai/gxxfx/pansyn_from_scratch_20260731/03_mcscanx_144_clean/S030_S073/S030_S073.collinearity
S030	S080	0	0	31960	0.00000000	/mnt/sda/jiakai/gxxfx/pansyn_from_scratch_20260731/03_mcscanx_144_clean/S030_S080/S030_S080.collinearity
S030	S093	0	0	31960	0.00000000	/mnt/sda/jiakai/gxxfx/pansyn_from_scratch_20260731/03_mcscanx_144_clean/S030_S093/S030_S093.collinearity
S030	S097	0	0	31960	0.00000000	/mnt/sda/jiakai/gxxfx/pansyn_from_scratch_20260731/03_mcscanx_144_clean/S030_S097/S030_S097.collinearity
S030	S112	239	1921	31960	0.06010638	/mnt/sda/jiakai/gxxfx/pansyn_from_scratch_20260731/03_mcscanx_144_clean/S030_S112/S030_S112.collinearity
S030	S116	285	2323	31960	0.07268461	/mnt/sda/jiakai/gxxfx/pansyn_from_scratch_20260731/03_mcscanx_144_clean/S116_S030/S116_S030.collinearity
S030	S121	261	2086	31268	0.06671357	/mnt/sda/jiakai/gxxfx/pansyn_from_scratch_20260731/03_mcscanx_144_clean/S121_S030/S121_S030.collinearity
S030	S127	37	266	31960	0.00832290	/mnt/sda/jiakai/gxxfx/pansyn_from_scratch_20260731/03_mcscanx_144_clean/S030_S127/S030_S127.collinearity
S030	S130	72	523	31960	0.01636421	/mnt/sda/jiakai/gxxfx/pansyn_from_scratch_20260731/03_mcscanx_144_clean/S030_S130/S030_S130.collinearity
S032	S037	0	0	31345	0.00000000	/mnt/sda/jiakai/gxxfx/pansyn_from_scratch_20260731/03_mcscanx_144_clean/S032_S037/S032_S037.collinearity
S032	S041	0	0	28910	0.00000000	/mnt/sda/jiakai/gxxfx/pansyn_from_scratch_20260731/03_mcscanx_144_clean/S041_S032/S041_S032.collinearity
S032	S044	0	0	24878	0.00000000	/mnt/sda/jiakai/gxxfx/pansyn_from_scratch_20260731/03_mcscanx_144_clean/S044_S032/S044_S032.collinearity
S032	S050	0	0	36078	0.00000000	/mnt/sda/jiakai/gxxfx/pansyn_from_scratch_20260731/03_mcscanx_144_clean/S032_S050/S032_S050.collinearity
S032	S051	0	0	38234	0.00000000	/mnt/sda/jiakai/gxxfx/pansyn_from_scratch_20260731/03_mcscanx_144_clean/S032_S051/S032_S051.collinearity
S032	S054	0	0	45867	0.00000000	/mnt/sda/jiakai/gxxfx/pansyn_from_scratch_20260731/03_mcscanx_144_clean/S032_S054/S032_S054.collinearity
S032	S060	0	0	45867	0.00000000	/mnt/sda/jiakai/gxxfx/pansyn_from_scratch_20260731/03_mcscanx_144_clean/S032_S060/S032_S060.collinearity
S032	S065	0	0	42564	0.00000000	/mnt/sda/jiakai/gxxfx/pansyn_from_scratch_20260731/03_mcscanx_144_clean/S032_S065/S032_S065.collinearity
S032	S070	0	0	25825	0.00000000	/mnt/sda/jiakai/gxxfx/pansyn_from_scratch_20260731/03_mcscanx_144_clean/S032_S070/S032_S070.collinearity
S032	S073	0	0	33388	0.00000000	/mnt/sda/jiakai/gxxfx/pansyn_from_scratch_20260731/03_mcscanx_144_clean/S032_S073/S032_S073.collinearity
S032	S080	0	0	42967	0.00000000	/mnt/sda/jiakai/gxxfx/pansyn_from_scratch_20260731/03_mcscanx_144_clean/S080_S032/S080_S032.collinearity
S032	S093	0	0	45867	0.00000000	/mnt/sda/jiakai/gxxfx/pansyn_from_scratch_20260731/03_mcscanx_144_clean/S032_S093/S032_S093.collinearity
S032	S097	0	0	32370	0.00000000	/mnt/sda/jiakai/gxxfx/pansyn_from_scratch_20260731/03_mcscanx_144_clean/S097_S032/S097_S032.collinearity
S032	S112	450	4178	43876	0.09522290	/mnt/sda/jiakai/gxxfx/pansyn_from_scratch_20260731/03_mcscanx_144_clean/S032_S112/S032_S112.collinearity
S032	S116	574	12889	37406	0.34457039	/mnt/sda/jiakai/gxxfx/pansyn_from_scratch_20260731/03_mcscanx_144_clean/S116_S032/S116_S032.collinearity
S032	S121	610	10831	31268	0.34639248	/mnt/sda/jiakai/gxxfx/pansyn_from_scratch_20260731/03_mcscanx_144_clean/S121_S032/S121_S032.collinearity
S032	S127	55	420	36724	0.01143666	/mnt/sda/jiakai/gxxfx/pansyn_from_scratch_20260731/03_mcscanx_144_clean/S032_S127/S032_S127.collinearity
S032	S130	391	3331	45867	0.07262302	/mnt/sda/jiakai/gxxfx/pansyn_from_scratch_20260731/03_mcscanx_144_clean/S032_S130/S032_S130.collinearity
S037	S041	0	0	28910	0.00000000	/mnt/sda/jiakai/gxxfx/pansyn_from_scratch_20260731/03_mcscanx_144_clean/S041_S037/S041_S037.collinearity
S037	S044	0	0	24878	0.00000000	/mnt/sda/jiakai/gxxfx/pansyn_from_scratch_20260731/03_mcscanx_144_clean/S044_S037/S044_S037.collinearity
S037	S050	0	0	31345	0.00000000	/mnt/sda/jiakai/gxxfx/pansyn_from_scratch_20260731/03_mcscanx_144_clean/S037_S050/S037_S050.collinearity
S037	S051	0	0	31345	0.00000000	/mnt/sda/jiakai/gxxfx/pansyn_from_scratch_20260731/03_mcscanx_144_clean/S037_S051/S037_S051.collinearity
S037	S054	0	0	31345	0.00000000	/mnt/sda/jiakai/gxxfx/pansyn_from_scratch_20260731/03_mcscanx_144_clean/S037_S054/S037_S054.collinearity
S037	S060	0	0	31345	0.00000000	/mnt/sda/jiakai/gxxfx/pansyn_from_scratch_20260731/03_mcscanx_144_clean/S037_S060/S037_S060.collinearity
S037	S065	0	0	31345	0.00000000	/mnt/sda/jiakai/gxxfx/pansyn_from_scratch_20260731/03_mcscanx_144_clean/S037_S065/S037_S065.collinearity
S037	S070	0	0	25825	0.00000000	/mnt/sda/jiakai/gxxfx/pansyn_from_scratch_20260731/03_mcscanx_144_clean/S037_S070/S037_S070.collinearity
S037	S073	0	0	31345	0.00000000	/mnt/sda/jiakai/gxxfx/pansyn_from_scratch_20260731/03_mcscanx_144_clean/S073_S037/S073_S037.collinearity
S037	S080	0	0	31345	0.00000000	/mnt/sda/jiakai/gxxfx/pansyn_from_scratch_20260731/03_mcscanx_144_clean/S080_S037/S080_S037.collinearity
S037	S093	0	0	31345	0.00000000	/mnt/sda/jiakai/gxxfx/pansyn_from_scratch_20260731/03_mcscanx_144_clean/S037_S093/S037_S093.collinearity
S037	S097	0	0	31345	0.00000000	/mnt/sda/jiakai/gxxfx/pansyn_from_scratch_20260731/03_mcscanx_144_clean/S097_S037/S097_S037.collinearity
S037	S112	5	32	31345	0.00102090	/mnt/sda/jiakai/gxxfx/pansyn_from_scratch_20260731/03_mcscanx_144_clean/S037_S112/S037_S112.collinearity
S037	S116	1	6	31345	0.00019142	/mnt/sda/jiakai/gxxfx/pansyn_from_scratch_20260731/03_mcscanx_144_clean/S116_S037/S116_S037.collinearity
S037	S121	7	42	31268	0.00134323	/mnt/sda/jiakai/gxxfx/pansyn_from_scratch_20260731/03_mcscanx_144_clean/S121_S037/S121_S037.collinearity
S037	S127	1	6	31345	0.00019142	/mnt/sda/jiakai/gxxfx/pansyn_from_scratch_20260731/03_mcscanx_144_clean/S037_S127/S037_S127.collinearity
S037	S130	0	0	31345	0.00000000	/mnt/sda/jiakai/gxxfx/pansyn_from_scratch_20260731/03_mcscanx_144_clean/S037_S130/S037_S130.collinearity
S041	S044	0	0	24878	0.00000000	/mnt/sda/jiakai/gxxfx/pansyn_from_scratch_20260731/03_mcscanx_144_clean/S044_S041/S044_S041.collinearity
S041	S050	0	0	28910	0.00000000	/mnt/sda/jiakai/gxxfx/pansyn_from_scratch_20260731/03_mcscanx_144_clean/S041_S050/S041_S050.collinearity
S041	S051	0	0	28910	0.00000000	/mnt/sda/jiakai/gxxfx/pansyn_from_scratch_20260731/03_mcscanx_144_clean/S041_S051/S041_S051.collinearity
S041	S054	0	0	28910	0.00000000	/mnt/sda/jiakai/gxxfx/pansyn_from_scratch_20260731/03_mcscanx_144_clean/S041_S054/S041_S054.collinearity
S041	S060	0	0	28910	0.00000000	/mnt/sda/jiakai/gxxfx/pansyn_from_scratch_20260731/03_mcscanx_144_clean/S041_S060/S041_S060.collinearity
S041	S065	0	0	28910	0.00000000	/mnt/sda/jiakai/gxxfx/pansyn_from_scratch_20260731/03_mcscanx_144_clean/S041_S065/S041_S065.collinearity
S041	S070	0	0	25825	0.00000000	/mnt/sda/jiakai/gxxfx/pansyn_from_scratch_20260731/03_mcscanx_144_clean/S041_S070/S041_S070.collinearity
S041	S073	0	0	28910	0.00000000	/mnt/sda/jiakai/gxxfx/pansyn_from_scratch_20260731/03_mcscanx_144_clean/S041_S073/S041_S073.collinearity
S041	S080	0	0	28910	0.00000000	/mnt/sda/jiakai/gxxfx/pansyn_from_scratch_20260731/03_mcscanx_144_clean/S041_S080/S041_S080.collinearity
S041	S093	0	0	28910	0.00000000	/mnt/sda/jiakai/gxxfx/pansyn_from_scratch_20260731/03_mcscanx_144_clean/S041_S093/S041_S093.collinearity
S041	S097	0	0	28910	0.00000000	/mnt/sda/jiakai/gxxfx/pansyn_from_scratch_20260731/03_mcscanx_144_clean/S041_S097/S041_S097.collinearity
S041	S112	0	0	28910	0.00000000	/mnt/sda/jiakai/gxxfx/pansyn_from_scratch_20260731/03_mcscanx_144_clean/S041_S112/S041_S112.collinearity
S041	S116	0	0	28910	0.00000000	/mnt/sda/jiakai/gxxfx/pansyn_from_scratch_20260731/03_mcscanx_144_clean/S116_S041/S116_S041.collinearity
S041	S121	0	0	28910	0.00000000	/mnt/sda/jiakai/gxxfx/pansyn_from_scratch_20260731/03_mcscanx_144_clean/S121_S041/S121_S041.collinearity
S041	S127	1	8	28910	0.00027672	/mnt/sda/jiakai/gxxfx/pansyn_from_scratch_20260731/03_mcscanx_144_clean/S041_S127/S041_S127.collinearity
S041	S130	0	0	28910	0.00000000	/mnt/sda/jiakai/gxxfx/pansyn_from_scratch_20260731/03_mcscanx_144_clean/S041_S130/S041_S130.collinearity
S044	S050	0	0	24878	0.00000000	/mnt/sda/jiakai/gxxfx/pansyn_from_scratch_20260731/03_mcscanx_144_clean/S044_S050/S044_S050.collinearity
S044	S051	0	0	24878	0.00000000	/mnt/sda/jiakai/gxxfx/pansyn_from_scratch_20260731/03_mcscanx_144_clean/S044_S051/S044_S051.collinearity
S044	S054	0	0	24878	0.00000000	/mnt/sda/jiakai/gxxfx/pansyn_from_scratch_20260731/03_mcscanx_144_clean/S044_S054/S044_S054.collinearity
S044	S060	0	0	24878	0.00000000	/mnt/sda/jiakai/gxxfx/pansyn_from_scratch_20260731/03_mcscanx_144_clean/S044_S060/S044_S060.collinearity
S044	S065	0	0	24878	0.00000000	/mnt/sda/jiakai/gxxfx/pansyn_from_scratch_20260731/03_mcscanx_144_clean/S044_S065/S044_S065.collinearity
S044	S070	0	0	24878	0.00000000	/mnt/sda/jiakai/gxxfx/pansyn_from_scratch_20260731/03_mcscanx_144_clean/S044_S070/S044_S070.collinearity
S044	S073	0	0	24878	0.00000000	/mnt/sda/jiakai/gxxfx/pansyn_from_scratch_20260731/03_mcscanx_144_clean/S044_S073/S044_S073.collinearity
S044	S080	0	0	24878	0.00000000	/mnt/sda/jiakai/gxxfx/pansyn_from_scratch_20260731/03_mcscanx_144_clean/S044_S080/S044_S080.collinearity
S044	S093	0	0	24878	0.00000000	/mnt/sda/jiakai/gxxfx/pansyn_from_scratch_20260731/03_mcscanx_144_clean/S044_S093/S044_S093.collinearity
S044	S097	0	0	24878	0.00000000	/mnt/sda/jiakai/gxxfx/pansyn_from_scratch_20260731/03_mcscanx_144_clean/S044_S097/S044_S097.collinearity
S044	S112	0	0	24878	0.00000000	/mnt/sda/jiakai/gxxfx/pansyn_from_scratch_20260731/03_mcscanx_144_clean/S044_S112/S044_S112.collinearity
S044	S116	1	6	24878	0.00024118	/mnt/sda/jiakai/gxxfx/pansyn_from_scratch_20260731/03_mcscanx_144_clean/S116_S044/S116_S044.collinearity
S044	S121	2	12	24878	0.00048235	/mnt/sda/jiakai/gxxfx/pansyn_from_scratch_20260731/03_mcscanx_144_clean/S121_S044/S121_S044.collinearity
S044	S127	2	13	24878	0.00052255	/mnt/sda/jiakai/gxxfx/pansyn_from_scratch_20260731/03_mcscanx_144_clean/S044_S127/S044_S127.collinearity
S044	S130	0	0	24878	0.00000000	/mnt/sda/jiakai/gxxfx/pansyn_from_scratch_20260731/03_mcscanx_144_clean/S044_S130/S044_S130.collinearity
S050	S051	0	0	36078	0.00000000	/mnt/sda/jiakai/gxxfx/pansyn_from_scratch_20260731/03_mcscanx_144_clean/S051_S050/S051_S050.collinearity
S050	S054	0	0	36078	0.00000000	/mnt/sda/jiakai/gxxfx/pansyn_from_scratch_20260731/03_mcscanx_144_clean/S054_S050/S054_S050.collinearity
S050	S060	0	0	36078	0.00000000	/mnt/sda/jiakai/gxxfx/pansyn_from_scratch_20260731/03_mcscanx_144_clean/S050_S060/S050_S060.collinearity
S050	S065	0	0	36078	0.00000000	/mnt/sda/jiakai/gxxfx/pansyn_from_scratch_20260731/03_mcscanx_144_clean/S065_S050/S065_S050.collinearity
S050	S070	0	0	25825	0.00000000	/mnt/sda/jiakai/gxxfx/pansyn_from_scratch_20260731/03_mcscanx_144_clean/S050_S070/S050_S070.collinearity
S050	S073	0	0	33388	0.00000000	/mnt/sda/jiakai/gxxfx/pansyn_from_scratch_20260731/03_mcscanx_144_clean/S073_S050/S073_S050.collinearity
S050	S080	0	0	36078	0.00000000	/mnt/sda/jiakai/gxxfx/pansyn_from_scratch_20260731/03_mcscanx_144_clean/S080_S050/S080_S050.collinearity
S050	S093	0	0	36078	0.00000000	/mnt/sda/jiakai/gxxfx/pansyn_from_scratch_20260731/03_mcscanx_144_clean/S050_S093/S050_S093.collinearity
S050	S097	0	0	32370	0.00000000	/mnt/sda/jiakai/gxxfx/pansyn_from_scratch_20260731/03_mcscanx_144_clean/S097_S050/S097_S050.collinearity
S050	S112	261	2100	36078	0.05820722	/mnt/sda/jiakai/gxxfx/pansyn_from_scratch_20260731/03_mcscanx_144_clean/S112_S050/S112_S050.collinearity
S050	S116	295	2447	36078	0.06782527	/mnt/sda/jiakai/gxxfx/pansyn_from_scratch_20260731/03_mcscanx_144_clean/S116_S050/S116_S050.collinearity
S050	S121	303	2488	31268	0.07957017	/mnt/sda/jiakai/gxxfx/pansyn_from_scratch_20260731/03_mcscanx_144_clean/S121_S050/S121_S050.collinearity
S050	S127	52	360	36078	0.00997838	/mnt/sda/jiakai/gxxfx/pansyn_from_scratch_20260731/03_mcscanx_144_clean/S127_S050/S127_S050.collinearity
S050	S130	87	629	36078	0.01743445	/mnt/sda/jiakai/gxxfx/pansyn_from_scratch_20260731/03_mcscanx_144_clean/S130_S050/S130_S050.collinearity
S051	S054	0	0	38234	0.00000000	/mnt/sda/jiakai/gxxfx/pansyn_from_scratch_20260731/03_mcscanx_144_clean/S054_S051/S054_S051.collinearity
S051	S060	0	0	38234	0.00000000	/mnt/sda/jiakai/gxxfx/pansyn_from_scratch_20260731/03_mcscanx_144_clean/S051_S060/S051_S060.collinearity
S051	S065	0	0	38234	0.00000000	/mnt/sda/jiakai/gxxfx/pansyn_from_scratch_20260731/03_mcscanx_144_clean/S065_S051/S065_S051.collinearity
S051	S070	0	0	25825	0.00000000	/mnt/sda/jiakai/gxxfx/pansyn_from_scratch_20260731/03_mcscanx_144_clean/S051_S070/S051_S070.collinearity
S051	S073	0	0	33388	0.00000000	/mnt/sda/jiakai/gxxfx/pansyn_from_scratch_20260731/03_mcscanx_144_clean/S073_S051/S073_S051.collinearity
S051	S080	0	0	38234	0.00000000	/mnt/sda/jiakai/gxxfx/pansyn_from_scratch_20260731/03_mcscanx_144_clean/S080_S051/S080_S051.collinearity
S051	S093	0	0	38234	0.00000000	/mnt/sda/jiakai/gxxfx/pansyn_from_scratch_20260731/03_mcscanx_144_clean/S051_S093/S051_S093.collinearity
S051	S097	0	0	32370	0.00000000	/mnt/sda/jiakai/gxxfx/pansyn_from_scratch_20260731/03_mcscanx_144_clean/S097_S051/S097_S051.collinearity
S051	S112	467	4240	38234	0.11089606	/mnt/sda/jiakai/gxxfx/pansyn_from_scratch_20260731/03_mcscanx_144_clean/S051_S112/S051_S112.collinearity
S051	S116	591	12050	37406	0.32214083	/mnt/sda/jiakai/gxxfx/pansyn_from_scratch_20260731/03_mcscanx_144_clean/S116_S051/S116_S051.collinearity
S051	S121	631	11089	31268	0.35464373	/mnt/sda/jiakai/gxxfx/pansyn_from_scratch_20260731/03_mcscanx_144_clean/S121_S051/S121_S051.collinearity
S051	S127	79	571	36724	0.01554842	/mnt/sda/jiakai/gxxfx/pansyn_from_scratch_20260731/03_mcscanx_144_clean/S051_S127/S051_S127.collinearity
S051	S130	393	3342	38234	0.08740911	/mnt/sda/jiakai/gxxfx/pansyn_from_scratch_20260731/03_mcscanx_144_clean/S130_S051/S130_S051.collinearity
S054	S060	0	0	49606	0.00000000	/mnt/sda/jiakai/gxxfx/pansyn_from_scratch_20260731/03_mcscanx_144_clean/S054_S060/S054_S060.collinearity
S054	S065	0	0	42564	0.00000000	/mnt/sda/jiakai/gxxfx/pansyn_from_scratch_20260731/03_mcscanx_144_clean/S054_S065/S054_S065.collinearity
S054	S070	0	0	25825	0.00000000	/mnt/sda/jiakai/gxxfx/pansyn_from_scratch_20260731/03_mcscanx_144_clean/S054_S070/S054_S070.collinearity
S054	S073	0	0	33388	0.00000000	/mnt/sda/jiakai/gxxfx/pansyn_from_scratch_20260731/03_mcscanx_144_clean/S073_S054/S073_S054.collinearity
S054	S080	0	0	42967	0.00000000	/mnt/sda/jiakai/gxxfx/pansyn_from_scratch_20260731/03_mcscanx_144_clean/S080_S054/S080_S054.collinearity
S054	S093	0	0	55339	0.00000000	/mnt/sda/jiakai/gxxfx/pansyn_from_scratch_20260731/03_mcscanx_144_clean/S054_S093/S054_S093.collinearity
S054	S097	0	0	32370	0.00000000	/mnt/sda/jiakai/gxxfx/pansyn_from_scratch_20260731/03_mcscanx_144_clean/S097_S054/S097_S054.collinearity
S054	S112	392	3395	43876	0.07737715	/mnt/sda/jiakai/gxxfx/pansyn_from_scratch_20260731/03_mcscanx_144_clean/S054_S112/S054_S112.collinearity
S054	S116	722	10512	37406	0.28102443	/mnt/sda/jiakai/gxxfx/pansyn_from_scratch_20260731/03_mcscanx_144_clean/S116_S054/S116_S054.collinearity
S054	S121	519	12580	31268	0.40232826	/mnt/sda/jiakai/gxxfx/pansyn_from_scratch_20260731/03_mcscanx_144_clean/S121_S054/S121_S054.collinearity
S054	S127	43	323	36724	0.00879534	/mnt/sda/jiakai/gxxfx/pansyn_from_scratch_20260731/03_mcscanx_144_clean/S054_S127/S054_S127.collinearity
S054	S130	317	2683	54519	0.04921220	/mnt/sda/jiakai/gxxfx/pansyn_from_scratch_20260731/03_mcscanx_144_clean/S054_S130/S054_S130.collinearity
S060	S065	0	0	42564	0.00000000	/mnt/sda/jiakai/gxxfx/pansyn_from_scratch_20260731/03_mcscanx_144_clean/S065_S060/S065_S060.collinearity
S060	S070	0	0	25825	0.00000000	/mnt/sda/jiakai/gxxfx/pansyn_from_scratch_20260731/03_mcscanx_144_clean/S060_S070/S060_S070.collinearity
S060	S073	0	0	33388	0.00000000	/mnt/sda/jiakai/gxxfx/pansyn_from_scratch_20260731/03_mcscanx_144_clean/S073_S060/S073_S060.collinearity
S060	S080	0	0	42967	0.00000000	/mnt/sda/jiakai/gxxfx/pansyn_from_scratch_20260731/03_mcscanx_144_clean/S080_S060/S080_S060.collinearity
S060	S093	0	0	49606	0.00000000	/mnt/sda/jiakai/gxxfx/pansyn_from_scratch_20260731/03_mcscanx_144_clean/S060_S093/S060_S093.collinearity
S060	S097	0	0	32370	0.00000000	/mnt/sda/jiakai/gxxfx/pansyn_from_scratch_20260731/03_mcscanx_144_clean/S097_S060/S097_S060.collinearity
S060	S112	48	351	43876	0.00799982	/mnt/sda/jiakai/gxxfx/pansyn_from_scratch_20260731/03_mcscanx_144_clean/S112_S060/S112_S060.collinearity
S060	S116	56	408	37406	0.01090734	/mnt/sda/jiakai/gxxfx/pansyn_from_scratch_20260731/03_mcscanx_144_clean/S116_S060/S116_S060.collinearity
S060	S121	66	457	31268	0.01461558	/mnt/sda/jiakai/gxxfx/pansyn_from_scratch_20260731/03_mcscanx_144_clean/S121_S060/S121_S060.collinearity
S060	S127	519	5863	36724	0.15965036	/mnt/sda/jiakai/gxxfx/pansyn_from_scratch_20260731/03_mcscanx_144_clean/S127_S060/S127_S060.collinearity
S060	S130	13	86	49606	0.00173366	/mnt/sda/jiakai/gxxfx/pansyn_from_scratch_20260731/03_mcscanx_144_clean/S130_S060/S130_S060.collinearity
S065	S070	0	0	25825	0.00000000	/mnt/sda/jiakai/gxxfx/pansyn_from_scratch_20260731/03_mcscanx_144_clean/S065_S070/S065_S070.collinearity
S065	S073	0	0	33388	0.00000000	/mnt/sda/jiakai/gxxfx/pansyn_from_scratch_20260731/03_mcscanx_144_clean/S073_S065/S073_S065.collinearity
S065	S080	0	0	42564	0.00000000	/mnt/sda/jiakai/gxxfx/pansyn_from_scratch_20260731/03_mcscanx_144_clean/S080_S065/S080_S065.collinearity
S065	S093	0	0	42564	0.00000000	/mnt/sda/jiakai/gxxfx/pansyn_from_scratch_20260731/03_mcscanx_144_clean/S065_S093/S065_S093.collinearity
S065	S097	0	0	32370	0.00000000	/mnt/sda/jiakai/gxxfx/pansyn_from_scratch_20260731/03_mcscanx_144_clean/S097_S065/S097_S065.collinearity
S065	S112	2	12	42564	0.00028193	/mnt/sda/jiakai/gxxfx/pansyn_from_scratch_20260731/03_mcscanx_144_clean/S065_S112/S065_S112.collinearity
S065	S116	1	7	37406	0.00018714	/mnt/sda/jiakai/gxxfx/pansyn_from_scratch_20260731/03_mcscanx_144_clean/S116_S065/S116_S065.collinearity
S065	S121	3	18	31268	0.00057567	/mnt/sda/jiakai/gxxfx/pansyn_from_scratch_20260731/03_mcscanx_144_clean/S121_S065/S121_S065.collinearity
S065	S127	0	0	36724	0.00000000	/mnt/sda/jiakai/gxxfx/pansyn_from_scratch_20260731/03_mcscanx_144_clean/S065_S127/S065_S127.collinearity
S065	S130	1	6	42564	0.00014096	/mnt/sda/jiakai/gxxfx/pansyn_from_scratch_20260731/03_mcscanx_144_clean/S065_S130/S065_S130.collinearity
S070	S073	0	0	25825	0.00000000	/mnt/sda/jiakai/gxxfx/pansyn_from_scratch_20260731/03_mcscanx_144_clean/S073_S070/S073_S070.collinearity
S070	S080	0	0	25825	0.00000000	/mnt/sda/jiakai/gxxfx/pansyn_from_scratch_20260731/03_mcscanx_144_clean/S080_S070/S080_S070.collinearity
S070	S093	0	0	25825	0.00000000	/mnt/sda/jiakai/gxxfx/pansyn_from_scratch_20260731/03_mcscanx_144_clean/S093_S070/S093_S070.collinearity
S070	S097	0	0	25825	0.00000000	/mnt/sda/jiakai/gxxfx/pansyn_from_scratch_20260731/03_mcscanx_144_clean/S097_S070/S097_S070.collinearity
S070	S112	0	0	25825	0.00000000	/mnt/sda/jiakai/gxxfx/pansyn_from_scratch_20260731/03_mcscanx_144_clean/S112_S070/S112_S070.collinearity
S070	S116	1	6	25825	0.00023233	/mnt/sda/jiakai/gxxfx/pansyn_from_scratch_20260731/03_mcscanx_144_clean/S116_S070/S116_S070.collinearity
S070	S121	0	0	25825	0.00000000	/mnt/sda/jiakai/gxxfx/pansyn_from_scratch_20260731/03_mcscanx_144_clean/S121_S070/S121_S070.collinearity
S070	S127	2	13	25825	0.00050339	/mnt/sda/jiakai/gxxfx/pansyn_from_scratch_20260731/03_mcscanx_144_clean/S127_S070/S127_S070.collinearity
S070	S130	0	0	25825	0.00000000	/mnt/sda/jiakai/gxxfx/pansyn_from_scratch_20260731/03_mcscanx_144_clean/S130_S070/S130_S070.collinearity
S073	S080	0	0	33388	0.00000000	/mnt/sda/jiakai/gxxfx/pansyn_from_scratch_20260731/03_mcscanx_144_clean/S080_S073/S080_S073.collinearity
S073	S093	0	0	33388	0.00000000	/mnt/sda/jiakai/gxxfx/pansyn_from_scratch_20260731/03_mcscanx_144_clean/S073_S093/S073_S093.collinearity
S073	S097	0	0	32370	0.00000000	/mnt/sda/jiakai/gxxfx/pansyn_from_scratch_20260731/03_mcscanx_144_clean/S097_S073/S097_S073.collinearity
S073	S112	0	0	33388	0.00000000	/mnt/sda/jiakai/gxxfx/pansyn_from_scratch_20260731/03_mcscanx_144_clean/S073_S112/S073_S112.collinearity
S073	S116	0	0	33388	0.00000000	/mnt/sda/jiakai/gxxfx/pansyn_from_scratch_20260731/03_mcscanx_144_clean/S116_S073/S116_S073.collinearity
S073	S121	1	6	31268	0.00019189	/mnt/sda/jiakai/gxxfx/pansyn_from_scratch_20260731/03_mcscanx_144_clean/S121_S073/S121_S073.collinearity
S073	S127	0	0	33388	0.00000000	/mnt/sda/jiakai/gxxfx/pansyn_from_scratch_20260731/03_mcscanx_144_clean/S073_S127/S073_S127.collinearity
S073	S130	0	0	33388	0.00000000	/mnt/sda/jiakai/gxxfx/pansyn_from_scratch_20260731/03_mcscanx_144_clean/S073_S130/S073_S130.collinearity
S080	S093	0	0	42967	0.00000000	/mnt/sda/jiakai/gxxfx/pansyn_from_scratch_20260731/03_mcscanx_144_clean/S080_S093/S080_S093.collinearity
S080	S097	0	0	32370	0.00000000	/mnt/sda/jiakai/gxxfx/pansyn_from_scratch_20260731/03_mcscanx_144_clean/S080_S097/S080_S097.collinearity
S080	S112	479	4376	42967	0.10184560	/mnt/sda/jiakai/gxxfx/pansyn_from_scratch_20260731/03_mcscanx_144_clean/S080_S112/S080_S112.collinearity
S080	S116	520	12945	37406	0.34606748	/mnt/sda/jiakai/gxxfx/pansyn_from_scratch_20260731/03_mcscanx_144_clean/S116_S080/S116_S080.collinearity
S080	S121	603	11356	31268	0.36318281	/mnt/sda/jiakai/gxxfx/pansyn_from_scratch_20260731/03_mcscanx_144_clean/S121_S080/S121_S080.collinearity
S080	S127	66	487	36724	0.01326108	/mnt/sda/jiakai/gxxfx/pansyn_from_scratch_20260731/03_mcscanx_144_clean/S080_S127/S080_S127.collinearity
S080	S130	408	3529	42967	0.08213280	/mnt/sda/jiakai/gxxfx/pansyn_from_scratch_20260731/03_mcscanx_144_clean/S080_S130/S080_S130.collinearity
S093	S097	0	0	32370	0.00000000	/mnt/sda/jiakai/gxxfx/pansyn_from_scratch_20260731/03_mcscanx_144_clean/S097_S093/S097_S093.collinearity
S093	S112	49	356	43876	0.00811378	/mnt/sda/jiakai/gxxfx/pansyn_from_scratch_20260731/03_mcscanx_144_clean/S112_S093/S112_S093.collinearity
S093	S116	53	406	37406	0.01085387	/mnt/sda/jiakai/gxxfx/pansyn_from_scratch_20260731/03_mcscanx_144_clean/S116_S093/S116_S093.collinearity
S093	S121	58	404	31268	0.01292056	/mnt/sda/jiakai/gxxfx/pansyn_from_scratch_20260731/03_mcscanx_144_clean/S121_S093/S121_S093.collinearity
S093	S127	485	5169	36724	0.14075264	/mnt/sda/jiakai/gxxfx/pansyn_from_scratch_20260731/03_mcscanx_144_clean/S127_S093/S127_S093.collinearity
S093	S130	8	57	54519	0.00104551	/mnt/sda/jiakai/gxxfx/pansyn_from_scratch_20260731/03_mcscanx_144_clean/S130_S093/S130_S093.collinearity
S097	S112	93	671	32370	0.02072907	/mnt/sda/jiakai/gxxfx/pansyn_from_scratch_20260731/03_mcscanx_144_clean/S097_S112/S097_S112.collinearity
S097	S116	113	834	32370	0.02576460	/mnt/sda/jiakai/gxxfx/pansyn_from_scratch_20260731/03_mcscanx_144_clean/S116_S097/S116_S097.collinearity
S097	S121	115	839	31268	0.02683254	/mnt/sda/jiakai/gxxfx/pansyn_from_scratch_20260731/03_mcscanx_144_clean/S121_S097/S121_S097.collinearity
S097	S127	25	170	32370	0.00525178	/mnt/sda/jiakai/gxxfx/pansyn_from_scratch_20260731/03_mcscanx_144_clean/S097_S127/S097_S127.collinearity
S097	S130	19	124	32370	0.00383071	/mnt/sda/jiakai/gxxfx/pansyn_from_scratch_20260731/03_mcscanx_144_clean/S097_S130/S097_S130.collinearity
S112	S116	0	0	37406	0.00000000	/mnt/sda/jiakai/gxxfx/pansyn_from_scratch_20260731/03_mcscanx_144_clean/S116_S112/S116_S112.collinearity
S112	S121	0	0	31268	0.00000000	/mnt/sda/jiakai/gxxfx/pansyn_from_scratch_20260731/03_mcscanx_144_clean/S121_S112/S121_S112.collinearity
S112	S127	0	0	36724	0.00000000	/mnt/sda/jiakai/gxxfx/pansyn_from_scratch_20260731/03_mcscanx_144_clean/S112_S127/S112_S127.collinearity
S112	S130	0	0	43876	0.00000000	/mnt/sda/jiakai/gxxfx/pansyn_from_scratch_20260731/03_mcscanx_144_clean/S130_S112/S130_S112.collinearity
S116	S121	0	0	31268	0.00000000	/mnt/sda/jiakai/gxxfx/pansyn_from_scratch_20260731/03_mcscanx_144_clean/S116_S121/S116_S121.collinearity
S116	S127	0	0	36724	0.00000000	/mnt/sda/jiakai/gxxfx/pansyn_from_scratch_20260731/03_mcscanx_144_clean/S116_S127/S116_S127.collinearity
S116	S130	0	0	37406	0.00000000	/mnt/sda/jiakai/gxxfx/pansyn_from_scratch_20260731/03_mcscanx_144_clean/S116_S130/S116_S130.collinearity
S121	S127	0	0	31268	0.00000000	/mnt/sda/jiakai/gxxfx/pansyn_from_scratch_20260731/03_mcscanx_144_clean/S121_S127/S121_S127.collinearity
S121	S130	0	0	31268	0.00000000	/mnt/sda/jiakai/gxxfx/pansyn_from_scratch_20260731/03_mcscanx_144_clean/S121_S130/S121_S130.collinearity
S127	S130	0	0	36724	0.00000000	/mnt/sda/jiakai/gxxfx/pansyn_from_scratch_20260731/03_mcscanx_144_clean/S130_S127/S130_S127.collinearity
