pair_id	species_a	species_b	blocks	collinear_gene_pairs	gene_pair_density	status	dotplot_png	circos_png
S006_S026	S006	S026	0	0	0.00000000	no_detected_block		
S006_S030	S006	S030	0	0	0.00000000	no_detected_block		
S006_S032	S006	S032	0	0	0.00000000	no_detected_block		
S006_S037	S006	S037	0	0	0.00000000	no_detected_block		
S006_S041	S006	S041	0	0	0.00000000	no_detected_block		
S006_S044	S006	S044	0	0	0.00000000	no_detected_block		
S006_S050	S006	S050	0	0	0.00000000	no_detected_block		
S006_S051	S006	S051	0	0	0.00000000	no_detected_block		
S006_S054	S006	S054	0	0	0.00000000	no_detected_block		
S006_S060	S006	S060	0	0	0.00000000	no_detected_block		
S006_S065	S006	S065	0	0	0.00000000	no_detected_block		
S006_S070	S006	S070	0	0	0.00000000	no_detected_block		
S006_S073	S006	S073	0	0	0.00000000	no_detected_block		
S006_S080	S006	S080	0	0	0.00000000	no_detected_block		
S006_S093	S006	S093	0	0	0.00000000	no_detected_block		
S006_S097	S006	S097	0	0	0.00000000	no_detected_block		
S006_S112	S006	S112	410	3571	0.10346826	rendered	/mnt/sda/jiakai/gxxfx/pansyn_from_scratch_20260731/11_doo22_chromosome_only_reports_fixed/pairs/S006_S112/S006_S112_dotplot.png	/mnt/sda/jiakai/gxxfx/pansyn_from_scratch_20260731/11_doo22_chromosome_only_reports_fixed/pairs/S006_S112/S006_S112_circos.png
S006_S116	S006	S116	641	9300	0.26946368	rendered	/mnt/sda/jiakai/gxxfx/pansyn_from_scratch_20260731/11_doo22_chromosome_only_reports_fixed/pairs/S006_S116/S006_S116_dotplot.png	/mnt/sda/jiakai/gxxfx/pansyn_from_scratch_20260731/11_doo22_chromosome_only_reports_fixed/pairs/S006_S116/S006_S116_circos.png
S006_S121	S006	S121	497	10205	0.32637201	rendered	/mnt/sda/jiakai/gxxfx/pansyn_from_scratch_20260731/11_doo22_chromosome_only_reports_fixed/pairs/S006_S121/S006_S121_dotplot.png	/mnt/sda/jiakai/gxxfx/pansyn_from_scratch_20260731/11_doo22_chromosome_only_reports_fixed/pairs/S006_S121/S006_S121_circos.png
S006_S127	S006	S127	68	489	0.01416857	rendered	/mnt/sda/jiakai/gxxfx/pansyn_from_scratch_20260731/11_doo22_chromosome_only_reports_fixed/pairs/S006_S127/S006_S127_dotplot.png	/mnt/sda/jiakai/gxxfx/pansyn_from_scratch_20260731/11_doo22_chromosome_only_reports_fixed/pairs/S006_S127/S006_S127_circos.png
S006_S130	S006	S130	293	2421	0.07014748	no_detected_chromosome_block		
S026_S030	S026	S030	0	0	0.00000000	no_detected_block		
S026_S032	S026	S032	0	0	0.00000000	no_detected_block		
S026_S037	S026	S037	0	0	0.00000000	no_detected_block		
S026_S041	S026	S041	0	0	0.00000000	no_detected_block		
S026_S044	S026	S044	0	0	0.00000000	no_detected_block		
S026_S050	S026	S050	0	0	0.00000000	no_detected_block		
S026_S051	S026	S051	0	0	0.00000000	no_detected_block		
S026_S054	S026	S054	0	0	0.00000000	no_detected_block		
S026_S060	S026	S060	0	0	0.00000000	no_detected_block		
S026_S065	S026	S065	0	0	0.00000000	no_detected_block		
S026_S070	S026	S070	0	0	0.00000000	no_detected_block		
S026_S073	S026	S073	0	0	0.00000000	no_detected_block		
S026_S080	S026	S080	0	0	0.00000000	no_detected_block		
S026_S093	S026	S093	0	0	0.00000000	no_detected_block		
S026_S097	S026	S097	0	0	0.00000000	no_detected_block		
S026_S112	S026	S112	280	2251	0.05130367	rendered	/mnt/sda/jiakai/gxxfx/pansyn_from_scratch_20260731/11_doo22_chromosome_only_reports_fixed/pairs/S026_S112/S026_S112_dotplot.png	/mnt/sda/jiakai/gxxfx/pansyn_from_scratch_20260731/11_doo22_chromosome_only_reports_fixed/pairs/S026_S112/S026_S112_circos.png
S026_S116	S026	S116	273	2300	0.06148746	rendered	/mnt/sda/jiakai/gxxfx/pansyn_from_scratch_20260731/11_doo22_chromosome_only_reports_fixed/pairs/S026_S116/S026_S116_dotplot.png	/mnt/sda/jiakai/gxxfx/pansyn_from_scratch_20260731/11_doo22_chromosome_only_reports_fixed/pairs/S026_S116/S026_S116_circos.png
S026_S121	S026	S121	295	2447	0.07825892	rendered	/mnt/sda/jiakai/gxxfx/pansyn_from_scratch_20260731/11_doo22_chromosome_only_reports_fixed/pairs/S026_S121/S026_S121_dotplot.png	/mnt/sda/jiakai/gxxfx/pansyn_from_scratch_20260731/11_doo22_chromosome_only_reports_fixed/pairs/S026_S121/S026_S121_circos.png
S026_S127	S026	S127	37	257	0.00699815	rendered	/mnt/sda/jiakai/gxxfx/pansyn_from_scratch_20260731/11_doo22_chromosome_only_reports_fixed/pairs/S026_S127/S026_S127_dotplot.png	/mnt/sda/jiakai/gxxfx/pansyn_from_scratch_20260731/11_doo22_chromosome_only_reports_fixed/pairs/S026_S127/S026_S127_circos.png
S026_S130	S026	S130	91	687	0.01260111	no_detected_chromosome_block		
S030_S032	S030	S032	0	0	0.00000000	no_detected_block		
S030_S037	S030	S037	0	0	0.00000000	no_detected_block		
S030_S041	S030	S041	0	0	0.00000000	no_detected_block		
S030_S044	S030	S044	0	0	0.00000000	no_detected_block		
S030_S050	S030	S050	0	0	0.00000000	no_detected_block		
S030_S051	S030	S051	0	0	0.00000000	no_detected_block		
S030_S054	S030	S054	0	0	0.00000000	no_detected_block		
S030_S060	S030	S060	0	0	0.00000000	no_detected_block		
S030_S065	S030	S065	0	0	0.00000000	no_detected_block		
S030_S070	S030	S070	0	0	0.00000000	no_detected_block		
S030_S073	S030	S073	0	0	0.00000000	no_detected_block		
S030_S080	S030	S080	0	0	0.00000000	no_detected_block		
S030_S093	S030	S093	0	0	0.00000000	no_detected_block		
S030_S097	S030	S097	0	0	0.00000000	no_detected_block		
S030_S112	S030	S112	239	1921	0.06010638	rendered	/mnt/sda/jiakai/gxxfx/pansyn_from_scratch_20260731/11_doo22_chromosome_only_reports_fixed/pairs/S030_S112/S030_S112_dotplot.png	/mnt/sda/jiakai/gxxfx/pansyn_from_scratch_20260731/11_doo22_chromosome_only_reports_fixed/pairs/S030_S112/S030_S112_circos.png
S030_S116	S030	S116	285	2323	0.07268461	rendered	/mnt/sda/jiakai/gxxfx/pansyn_from_scratch_20260731/11_doo22_chromosome_only_reports_fixed/pairs/S030_S116/S030_S116_dotplot.png	/mnt/sda/jiakai/gxxfx/pansyn_from_scratch_20260731/11_doo22_chromosome_only_reports_fixed/pairs/S030_S116/S030_S116_circos.png
S030_S121	S030	S121	261	2086	0.06671357	rendered	/mnt/sda/jiakai/gxxfx/pansyn_from_scratch_20260731/11_doo22_chromosome_only_reports_fixed/pairs/S030_S121/S030_S121_dotplot.png	/mnt/sda/jiakai/gxxfx/pansyn_from_scratch_20260731/11_doo22_chromosome_only_reports_fixed/pairs/S030_S121/S030_S121_circos.png
S030_S127	S030	S127	37	266	0.00832290	rendered	/mnt/sda/jiakai/gxxfx/pansyn_from_scratch_20260731/11_doo22_chromosome_only_reports_fixed/pairs/S030_S127/S030_S127_dotplot.png	/mnt/sda/jiakai/gxxfx/pansyn_from_scratch_20260731/11_doo22_chromosome_only_reports_fixed/pairs/S030_S127/S030_S127_circos.png
S030_S130	S030	S130	72	523	0.01636421	no_detected_chromosome_block		
S032_S037	S032	S037	0	0	0.00000000	no_detected_block		
S032_S041	S032	S041	0	0	0.00000000	no_detected_block		
S032_S044	S032	S044	0	0	0.00000000	no_detected_block		
S032_S050	S032	S050	0	0	0.00000000	no_detected_block		
S032_S051	S032	S051	0	0	0.00000000	no_detected_block		
S032_S054	S032	S054	0	0	0.00000000	no_detected_block		
S032_S060	S032	S060	0	0	0.00000000	no_detected_block		
S032_S065	S032	S065	0	0	0.00000000	no_detected_block		
S032_S070	S032	S070	0	0	0.00000000	no_detected_block		
S032_S073	S032	S073	0	0	0.00000000	no_detected_block		
S032_S080	S032	S080	0	0	0.00000000	no_detected_block		
S032_S093	S032	S093	0	0	0.00000000	no_detected_block		
S032_S097	S032	S097	0	0	0.00000000	no_detected_block		
S032_S112	S032	S112	450	4178	0.09522290	no_detected_chromosome_block		
S032_S116	S032	S116	574	12889	0.34457039	no_detected_chromosome_block		
S032_S121	S032	S121	610	10831	0.34639248	no_detected_chromosome_block		
S032_S127	S032	S127	55	420	0.01143666	no_detected_chromosome_block		
S032_S130	S032	S130	391	3331	0.07262302	no_detected_chromosome_block		
S037_S041	S037	S041	0	0	0.00000000	no_detected_block		
S037_S044	S037	S044	0	0	0.00000000	no_detected_block		
S037_S050	S037	S050	0	0	0.00000000	no_detected_block		
S037_S051	S037	S051	0	0	0.00000000	no_detected_block		
S037_S054	S037	S054	0	0	0.00000000	no_detected_block		
S037_S060	S037	S060	0	0	0.00000000	no_detected_block		
S037_S065	S037	S065	0	0	0.00000000	no_detected_block		
S037_S070	S037	S070	0	0	0.00000000	no_detected_block		
S037_S073	S037	S073	0	0	0.00000000	no_detected_block		
S037_S080	S037	S080	0	0	0.00000000	no_detected_block		
S037_S093	S037	S093	0	0	0.00000000	no_detected_block		
S037_S097	S037	S097	0	0	0.00000000	no_detected_block		
S037_S112	S037	S112	5	32	0.00102090	rendered	/mnt/sda/jiakai/gxxfx/pansyn_from_scratch_20260731/11_doo22_chromosome_only_reports_fixed/pairs/S037_S112/S037_S112_dotplot.png	/mnt/sda/jiakai/gxxfx/pansyn_from_scratch_20260731/11_doo22_chromosome_only_reports_fixed/pairs/S037_S112/S037_S112_circos.png
S037_S116	S037	S116	1	6	0.00019142	rendered	/mnt/sda/jiakai/gxxfx/pansyn_from_scratch_20260731/11_doo22_chromosome_only_reports_fixed/pairs/S037_S116/S037_S116_dotplot.png	/mnt/sda/jiakai/gxxfx/pansyn_from_scratch_20260731/11_doo22_chromosome_only_reports_fixed/pairs/S037_S116/S037_S116_circos.png
S037_S121	S037	S121	7	42	0.00134323	rendered	/mnt/sda/jiakai/gxxfx/pansyn_from_scratch_20260731/11_doo22_chromosome_only_reports_fixed/pairs/S037_S121/S037_S121_dotplot.png	/mnt/sda/jiakai/gxxfx/pansyn_from_scratch_20260731/11_doo22_chromosome_only_reports_fixed/pairs/S037_S121/S037_S121_circos.png
S037_S127	S037	S127	1	6	0.00019142	rendered	/mnt/sda/jiakai/gxxfx/pansyn_from_scratch_20260731/11_doo22_chromosome_only_reports_fixed/pairs/S037_S127/S037_S127_dotplot.png	/mnt/sda/jiakai/gxxfx/pansyn_from_scratch_20260731/11_doo22_chromosome_only_reports_fixed/pairs/S037_S127/S037_S127_circos.png
S037_S130	S037	S130	0	0	0.00000000	no_detected_block		
S041_S044	S041	S044	0	0	0.00000000	no_detected_block		
S041_S050	S041	S050	0	0	0.00000000	no_detected_block		
S041_S051	S041	S051	0	0	0.00000000	no_detected_block		
S041_S054	S041	S054	0	0	0.00000000	no_detected_block		
S041_S060	S041	S060	0	0	0.00000000	no_detected_block		
S041_S065	S041	S065	0	0	0.00000000	no_detected_block		
S041_S070	S041	S070	0	0	0.00000000	no_detected_block		
S041_S073	S041	S073	0	0	0.00000000	no_detected_block		
S041_S080	S041	S080	0	0	0.00000000	no_detected_block		
S041_S093	S041	S093	0	0	0.00000000	no_detected_block		
S041_S097	S041	S097	0	0	0.00000000	no_detected_block		
S041_S112	S041	S112	0	0	0.00000000	no_detected_block		
S041_S116	S041	S116	0	0	0.00000000	no_detected_block		
S041_S121	S041	S121	0	0	0.00000000	no_detected_block		
S041_S127	S041	S127	1	8	0.00027672	rendered	/mnt/sda/jiakai/gxxfx/pansyn_from_scratch_20260731/11_doo22_chromosome_only_reports_fixed/pairs/S041_S127/S041_S127_dotplot.png	/mnt/sda/jiakai/gxxfx/pansyn_from_scratch_20260731/11_doo22_chromosome_only_reports_fixed/pairs/S041_S127/S041_S127_circos.png
S041_S130	S041	S130	0	0	0.00000000	no_detected_block		
S044_S050	S044	S050	0	0	0.00000000	no_detected_block		
S044_S051	S044	S051	0	0	0.00000000	no_detected_block		
S044_S054	S044	S054	0	0	0.00000000	no_detected_block		
S044_S060	S044	S060	0	0	0.00000000	no_detected_block		
S044_S065	S044	S065	0	0	0.00000000	no_detected_block		
S044_S070	S044	S070	0	0	0.00000000	no_detected_block		
S044_S073	S044	S073	0	0	0.00000000	no_detected_block		
S044_S080	S044	S080	0	0	0.00000000	no_detected_block		
S044_S093	S044	S093	0	0	0.00000000	no_detected_block		
S044_S097	S044	S097	0	0	0.00000000	no_detected_block		
S044_S112	S044	S112	0	0	0.00000000	no_detected_block		
S044_S116	S044	S116	1	6	0.00024118	rendered	/mnt/sda/jiakai/gxxfx/pansyn_from_scratch_20260731/11_doo22_chromosome_only_reports_fixed/pairs/S044_S116/S044_S116_dotplot.png	/mnt/sda/jiakai/gxxfx/pansyn_from_scratch_20260731/11_doo22_chromosome_only_reports_fixed/pairs/S044_S116/S044_S116_circos.png
S044_S121	S044	S121	2	12	0.00048235	rendered	/mnt/sda/jiakai/gxxfx/pansyn_from_scratch_20260731/11_doo22_chromosome_only_reports_fixed/pairs/S044_S121/S044_S121_dotplot.png	/mnt/sda/jiakai/gxxfx/pansyn_from_scratch_20260731/11_doo22_chromosome_only_reports_fixed/pairs/S044_S121/S044_S121_circos.png
S044_S127	S044	S127	2	13	0.00052255	rendered	/mnt/sda/jiakai/gxxfx/pansyn_from_scratch_20260731/11_doo22_chromosome_only_reports_fixed/pairs/S044_S127/S044_S127_dotplot.png	/mnt/sda/jiakai/gxxfx/pansyn_from_scratch_20260731/11_doo22_chromosome_only_reports_fixed/pairs/S044_S127/S044_S127_circos.png
S044_S130	S044	S130	0	0	0.00000000	no_detected_block		
S050_S051	S050	S051	0	0	0.00000000	no_detected_block		
S050_S054	S050	S054	0	0	0.00000000	no_detected_block		
S050_S060	S050	S060	0	0	0.00000000	no_detected_block		
S050_S065	S050	S065	0	0	0.00000000	no_detected_block		
S050_S070	S050	S070	0	0	0.00000000	no_detected_block		
S050_S073	S050	S073	0	0	0.00000000	no_detected_block		
S050_S080	S050	S080	0	0	0.00000000	no_detected_block		
S050_S093	S050	S093	0	0	0.00000000	no_detected_block		
S050_S097	S050	S097	0	0	0.00000000	no_detected_block		
S050_S112	S050	S112	261	2100	0.05820722	rendered	/mnt/sda/jiakai/gxxfx/pansyn_from_scratch_20260731/11_doo22_chromosome_only_reports_fixed/pairs/S050_S112/S050_S112_dotplot.png	/mnt/sda/jiakai/gxxfx/pansyn_from_scratch_20260731/11_doo22_chromosome_only_reports_fixed/pairs/S050_S112/S050_S112_circos.png
S050_S116	S050	S116	295	2447	0.06782527	rendered	/mnt/sda/jiakai/gxxfx/pansyn_from_scratch_20260731/11_doo22_chromosome_only_reports_fixed/pairs/S050_S116/S050_S116_dotplot.png	/mnt/sda/jiakai/gxxfx/pansyn_from_scratch_20260731/11_doo22_chromosome_only_reports_fixed/pairs/S050_S116/S050_S116_circos.png
S050_S121	S050	S121	303	2488	0.07957017	rendered	/mnt/sda/jiakai/gxxfx/pansyn_from_scratch_20260731/11_doo22_chromosome_only_reports_fixed/pairs/S050_S121/S050_S121_dotplot.png	/mnt/sda/jiakai/gxxfx/pansyn_from_scratch_20260731/11_doo22_chromosome_only_reports_fixed/pairs/S050_S121/S050_S121_circos.png
S050_S127	S050	S127	52	360	0.00997838	rendered	/mnt/sda/jiakai/gxxfx/pansyn_from_scratch_20260731/11_doo22_chromosome_only_reports_fixed/pairs/S050_S127/S050_S127_dotplot.png	/mnt/sda/jiakai/gxxfx/pansyn_from_scratch_20260731/11_doo22_chromosome_only_reports_fixed/pairs/S050_S127/S050_S127_circos.png
S050_S130	S050	S130	87	629	0.01743445	no_detected_chromosome_block		
S051_S054	S051	S054	0	0	0.00000000	no_detected_block		
S051_S060	S051	S060	0	0	0.00000000	no_detected_block		
S051_S065	S051	S065	0	0	0.00000000	no_detected_block		
S051_S070	S051	S070	0	0	0.00000000	no_detected_block		
S051_S073	S051	S073	0	0	0.00000000	no_detected_block		
S051_S080	S051	S080	0	0	0.00000000	no_detected_block		
S051_S093	S051	S093	0	0	0.00000000	no_detected_block		
S051_S097	S051	S097	0	0	0.00000000	no_detected_block		
S051_S112	S051	S112	467	4240	0.11089606	rendered	/mnt/sda/jiakai/gxxfx/pansyn_from_scratch_20260731/11_doo22_chromosome_only_reports_fixed/pairs/S051_S112/S051_S112_dotplot.png	/mnt/sda/jiakai/gxxfx/pansyn_from_scratch_20260731/11_doo22_chromosome_only_reports_fixed/pairs/S051_S112/S051_S112_circos.png
S051_S116	S051	S116	591	12050	0.32214083	rendered	/mnt/sda/jiakai/gxxfx/pansyn_from_scratch_20260731/11_doo22_chromosome_only_reports_fixed/pairs/S051_S116/S051_S116_dotplot.png	/mnt/sda/jiakai/gxxfx/pansyn_from_scratch_20260731/11_doo22_chromosome_only_reports_fixed/pairs/S051_S116/S051_S116_circos.png
S051_S121	S051	S121	631	11089	0.35464373	rendered	/mnt/sda/jiakai/gxxfx/pansyn_from_scratch_20260731/11_doo22_chromosome_only_reports_fixed/pairs/S051_S121/S051_S121_dotplot.png	/mnt/sda/jiakai/gxxfx/pansyn_from_scratch_20260731/11_doo22_chromosome_only_reports_fixed/pairs/S051_S121/S051_S121_circos.png
S051_S127	S051	S127	79	571	0.01554842	rendered	/mnt/sda/jiakai/gxxfx/pansyn_from_scratch_20260731/11_doo22_chromosome_only_reports_fixed/pairs/S051_S127/S051_S127_dotplot.png	/mnt/sda/jiakai/gxxfx/pansyn_from_scratch_20260731/11_doo22_chromosome_only_reports_fixed/pairs/S051_S127/S051_S127_circos.png
S051_S130	S051	S130	393	3342	0.08740911	no_detected_chromosome_block		
S054_S060	S054	S060	0	0	0.00000000	no_detected_block		
S054_S065	S054	S065	0	0	0.00000000	no_detected_block		
S054_S070	S054	S070	0	0	0.00000000	no_detected_block		
S054_S073	S054	S073	0	0	0.00000000	no_detected_block		
S054_S080	S054	S080	0	0	0.00000000	no_detected_block		
S054_S093	S054	S093	0	0	0.00000000	no_detected_block		
S054_S097	S054	S097	0	0	0.00000000	no_detected_block		
S054_S112	S054	S112	392	3395	0.07737715	no_detected_chromosome_block		
S054_S116	S054	S116	722	10512	0.28102443	no_detected_chromosome_block		
S054_S121	S054	S121	519	12580	0.40232826	no_detected_chromosome_block		
S054_S127	S054	S127	43	323	0.00879534	no_detected_chromosome_block		
S054_S130	S054	S130	317	2683	0.04921220	no_detected_chromosome_block		
S060_S065	S060	S065	0	0	0.00000000	no_detected_block		
S060_S070	S060	S070	0	0	0.00000000	no_detected_block		
S060_S073	S060	S073	0	0	0.00000000	no_detected_block		
S060_S080	S060	S080	0	0	0.00000000	no_detected_block		
S060_S093	S060	S093	0	0	0.00000000	no_detected_block		
S060_S097	S060	S097	0	0	0.00000000	no_detected_block		
S060_S112	S060	S112	48	351	0.00799982	rendered	/mnt/sda/jiakai/gxxfx/pansyn_from_scratch_20260731/11_doo22_chromosome_only_reports_fixed/pairs/S060_S112/S060_S112_dotplot.png	/mnt/sda/jiakai/gxxfx/pansyn_from_scratch_20260731/11_doo22_chromosome_only_reports_fixed/pairs/S060_S112/S060_S112_circos.png
S060_S116	S060	S116	56	408	0.01090734	rendered	/mnt/sda/jiakai/gxxfx/pansyn_from_scratch_20260731/11_doo22_chromosome_only_reports_fixed/pairs/S060_S116/S060_S116_dotplot.png	/mnt/sda/jiakai/gxxfx/pansyn_from_scratch_20260731/11_doo22_chromosome_only_reports_fixed/pairs/S060_S116/S060_S116_circos.png
S060_S121	S060	S121	66	457	0.01461558	rendered	/mnt/sda/jiakai/gxxfx/pansyn_from_scratch_20260731/11_doo22_chromosome_only_reports_fixed/pairs/S060_S121/S060_S121_dotplot.png	/mnt/sda/jiakai/gxxfx/pansyn_from_scratch_20260731/11_doo22_chromosome_only_reports_fixed/pairs/S060_S121/S060_S121_circos.png
S060_S127	S060	S127	519	5863	0.15965036	rendered	/mnt/sda/jiakai/gxxfx/pansyn_from_scratch_20260731/11_doo22_chromosome_only_reports_fixed/pairs/S060_S127/S060_S127_dotplot.png	/mnt/sda/jiakai/gxxfx/pansyn_from_scratch_20260731/11_doo22_chromosome_only_reports_fixed/pairs/S060_S127/S060_S127_circos.png
S060_S130	S060	S130	13	86	0.00173366	no_detected_chromosome_block		
S065_S070	S065	S070	0	0	0.00000000	no_detected_block		
S065_S073	S065	S073	0	0	0.00000000	no_detected_block		
S065_S080	S065	S080	0	0	0.00000000	no_detected_block		
S065_S093	S065	S093	0	0	0.00000000	no_detected_block		
S065_S097	S065	S097	0	0	0.00000000	no_detected_block		
S065_S112	S065	S112	2	12	0.00028193	rendered	/mnt/sda/jiakai/gxxfx/pansyn_from_scratch_20260731/11_doo22_chromosome_only_reports_fixed/pairs/S065_S112/S065_S112_dotplot.png	/mnt/sda/jiakai/gxxfx/pansyn_from_scratch_20260731/11_doo22_chromosome_only_reports_fixed/pairs/S065_S112/S065_S112_circos.png
S065_S116	S065	S116	1	7	0.00018714	rendered	/mnt/sda/jiakai/gxxfx/pansyn_from_scratch_20260731/11_doo22_chromosome_only_reports_fixed/pairs/S065_S116/S065_S116_dotplot.png	/mnt/sda/jiakai/gxxfx/pansyn_from_scratch_20260731/11_doo22_chromosome_only_reports_fixed/pairs/S065_S116/S065_S116_circos.png
S065_S121	S065	S121	3	18	0.00057567	rendered	/mnt/sda/jiakai/gxxfx/pansyn_from_scratch_20260731/11_doo22_chromosome_only_reports_fixed/pairs/S065_S121/S065_S121_dotplot.png	/mnt/sda/jiakai/gxxfx/pansyn_from_scratch_20260731/11_doo22_chromosome_only_reports_fixed/pairs/S065_S121/S065_S121_circos.png
S065_S127	S065	S127	0	0	0.00000000	no_detected_block		
S065_S130	S065	S130	1	6	0.00014096	no_detected_chromosome_block		
S070_S073	S070	S073	0	0	0.00000000	no_detected_block		
S070_S080	S070	S080	0	0	0.00000000	no_detected_block		
S070_S093	S070	S093	0	0	0.00000000	no_detected_block		
S070_S097	S070	S097	0	0	0.00000000	no_detected_block		
S070_S112	S070	S112	0	0	0.00000000	no_detected_block		
S070_S116	S070	S116	1	6	0.00023233	no_detected_chromosome_block		
S070_S121	S070	S121	0	0	0.00000000	no_detected_block		
S070_S127	S070	S127	2	13	0.00050339	no_detected_chromosome_block		
S070_S130	S070	S130	0	0	0.00000000	no_detected_block		
S073_S080	S073	S080	0	0	0.00000000	no_detected_block		
S073_S093	S073	S093	0	0	0.00000000	no_detected_block		
S073_S097	S073	S097	0	0	0.00000000	no_detected_block		
S073_S112	S073	S112	0	0	0.00000000	no_detected_block		
S073_S116	S073	S116	0	0	0.00000000	no_detected_block		
S073_S121	S073	S121	1	6	0.00019189	rendered	/mnt/sda/jiakai/gxxfx/pansyn_from_scratch_20260731/11_doo22_chromosome_only_reports_fixed/pairs/S073_S121/S073_S121_dotplot.png	/mnt/sda/jiakai/gxxfx/pansyn_from_scratch_20260731/11_doo22_chromosome_only_reports_fixed/pairs/S073_S121/S073_S121_circos.png
S073_S127	S073	S127	0	0	0.00000000	no_detected_block		
S073_S130	S073	S130	0	0	0.00000000	no_detected_block		
S080_S093	S080	S093	0	0	0.00000000	no_detected_block		
S080_S097	S080	S097	0	0	0.00000000	no_detected_block		
S080_S112	S080	S112	479	4376	0.10184560	rendered	/mnt/sda/jiakai/gxxfx/pansyn_from_scratch_20260731/11_doo22_chromosome_only_reports_fixed/pairs/S080_S112/S080_S112_dotplot.png	/mnt/sda/jiakai/gxxfx/pansyn_from_scratch_20260731/11_doo22_chromosome_only_reports_fixed/pairs/S080_S112/S080_S112_circos.png
S080_S116	S080	S116	520	12945	0.34606748	rendered	/mnt/sda/jiakai/gxxfx/pansyn_from_scratch_20260731/11_doo22_chromosome_only_reports_fixed/pairs/S080_S116/S080_S116_dotplot.png	/mnt/sda/jiakai/gxxfx/pansyn_from_scratch_20260731/11_doo22_chromosome_only_reports_fixed/pairs/S080_S116/S080_S116_circos.png
S080_S121	S080	S121	603	11356	0.36318281	rendered	/mnt/sda/jiakai/gxxfx/pansyn_from_scratch_20260731/11_doo22_chromosome_only_reports_fixed/pairs/S080_S121/S080_S121_dotplot.png	/mnt/sda/jiakai/gxxfx/pansyn_from_scratch_20260731/11_doo22_chromosome_only_reports_fixed/pairs/S080_S121/S080_S121_circos.png
S080_S127	S080	S127	66	487	0.01326108	rendered	/mnt/sda/jiakai/gxxfx/pansyn_from_scratch_20260731/11_doo22_chromosome_only_reports_fixed/pairs/S080_S127/S080_S127_dotplot.png	/mnt/sda/jiakai/gxxfx/pansyn_from_scratch_20260731/11_doo22_chromosome_only_reports_fixed/pairs/S080_S127/S080_S127_circos.png
S080_S130	S080	S130	408	3529	0.08213280	no_detected_chromosome_block		
S093_S097	S093	S097	0	0	0.00000000	no_detected_block		
S093_S112	S093	S112	49	356	0.00811378	rendered	/mnt/sda/jiakai/gxxfx/pansyn_from_scratch_20260731/11_doo22_chromosome_only_reports_fixed/pairs/S093_S112/S093_S112_dotplot.png	/mnt/sda/jiakai/gxxfx/pansyn_from_scratch_20260731/11_doo22_chromosome_only_reports_fixed/pairs/S093_S112/S093_S112_circos.png
S093_S116	S093	S116	53	406	0.01085387	rendered	/mnt/sda/jiakai/gxxfx/pansyn_from_scratch_20260731/11_doo22_chromosome_only_reports_fixed/pairs/S093_S116/S093_S116_dotplot.png	/mnt/sda/jiakai/gxxfx/pansyn_from_scratch_20260731/11_doo22_chromosome_only_reports_fixed/pairs/S093_S116/S093_S116_circos.png
S093_S121	S093	S121	58	404	0.01292056	rendered	/mnt/sda/jiakai/gxxfx/pansyn_from_scratch_20260731/11_doo22_chromosome_only_reports_fixed/pairs/S093_S121/S093_S121_dotplot.png	/mnt/sda/jiakai/gxxfx/pansyn_from_scratch_20260731/11_doo22_chromosome_only_reports_fixed/pairs/S093_S121/S093_S121_circos.png
S093_S127	S093	S127	485	5169	0.14075264	rendered	/mnt/sda/jiakai/gxxfx/pansyn_from_scratch_20260731/11_doo22_chromosome_only_reports_fixed/pairs/S093_S127/S093_S127_dotplot.png	/mnt/sda/jiakai/gxxfx/pansyn_from_scratch_20260731/11_doo22_chromosome_only_reports_fixed/pairs/S093_S127/S093_S127_circos.png
S093_S130	S093	S130	8	57	0.00104551	no_detected_chromosome_block		
S097_S112	S097	S112	93	671	0.02072907	rendered	/mnt/sda/jiakai/gxxfx/pansyn_from_scratch_20260731/11_doo22_chromosome_only_reports_fixed/pairs/S097_S112/S097_S112_dotplot.png	/mnt/sda/jiakai/gxxfx/pansyn_from_scratch_20260731/11_doo22_chromosome_only_reports_fixed/pairs/S097_S112/S097_S112_circos.png
S097_S116	S097	S116	113	834	0.02576460	rendered	/mnt/sda/jiakai/gxxfx/pansyn_from_scratch_20260731/11_doo22_chromosome_only_reports_fixed/pairs/S097_S116/S097_S116_dotplot.png	/mnt/sda/jiakai/gxxfx/pansyn_from_scratch_20260731/11_doo22_chromosome_only_reports_fixed/pairs/S097_S116/S097_S116_circos.png
S097_S121	S097	S121	115	839	0.02683254	rendered	/mnt/sda/jiakai/gxxfx/pansyn_from_scratch_20260731/11_doo22_chromosome_only_reports_fixed/pairs/S097_S121/S097_S121_dotplot.png	/mnt/sda/jiakai/gxxfx/pansyn_from_scratch_20260731/11_doo22_chromosome_only_reports_fixed/pairs/S097_S121/S097_S121_circos.png
S097_S127	S097	S127	25	170	0.00525178	rendered	/mnt/sda/jiakai/gxxfx/pansyn_from_scratch_20260731/11_doo22_chromosome_only_reports_fixed/pairs/S097_S127/S097_S127_dotplot.png	/mnt/sda/jiakai/gxxfx/pansyn_from_scratch_20260731/11_doo22_chromosome_only_reports_fixed/pairs/S097_S127/S097_S127_circos.png
S097_S130	S097	S130	19	124	0.00383071	no_detected_chromosome_block		
S112_S116	S112	S116	0	0	0.00000000	no_detected_block		
S112_S121	S112	S121	0	0	0.00000000	no_detected_block		
S112_S127	S112	S127	0	0	0.00000000	no_detected_block		
S112_S130	S112	S130	0	0	0.00000000	no_detected_block		
S116_S121	S116	S121	0	0	0.00000000	no_detected_block		
S116_S127	S116	S127	0	0	0.00000000	no_detected_block		
S116_S130	S116	S130	0	0	0.00000000	no_detected_block		
S121_S127	S121	S127	0	0	0.00000000	no_detected_block		
S121_S130	S121	S130	0	0	0.00000000	no_detected_block		
S127_S130	S127	S130	0	0	0.00000000	no_detected_block		
