cluster_id	support_nonreference_species	support_fraction_nonreference	reference_gene_1	reference_gene_2	supporting_species
S097_softcore_000001	15	0.104895	S097_XP_001634879.2	S097_XP_001634920.2	S026,S028,S030,S031,S032,S056,S062,S081,S099,S102,S106,S109,S125,S132,S137
S097_softcore_000002	14	0.097902	S097_XP_001634879.2	S097_XP_048590294.1	S026,S028,S030,S031,S032,S056,S062,S081,S102,S106,S109,S125,S132,S137
S097_softcore_000003	14	0.097902	S097_XP_032240188.1	S097_XP_032240240.2	S026,S028,S030,S031,S032,S056,S062,S081,S099,S102,S106,S109,S125,S137
S097_softcore_000004	13	0.090909	S097_XP_001627800.1	S097_XP_048586340.1	S025,S026,S028,S030,S031,S049,S050,S056,S063,S081,S106,S132,S137
S097_softcore_000005	13	0.090909	S097_XP_001633629.1	S097_XP_001633680.2	S024,S031,S050,S063,S081,S099,S100,S102,S106,S113,S119,S125,S137
S097_softcore_000006	13	0.090909	S097_XP_001633680.2	S097_XP_032238819.1	S024,S031,S050,S063,S081,S099,S100,S102,S106,S113,S119,S125,S137
S097_softcore_000007	13	0.090909	S097_XP_032221574.1	S097_XP_048575966.1	S024,S025,S027,S030,S056,S081,S099,S102,S106,S109,S113,S125,S137
S097_softcore_000008	13	0.090909	S097_XP_032224630.1	S097_XP_048585988.1	S025,S026,S028,S030,S031,S049,S050,S056,S063,S081,S106,S132,S137
S097_softcore_000009	13	0.090909	S097_XP_032238771.2	S097_XP_032238774.2	S024,S031,S050,S063,S081,S099,S100,S102,S106,S113,S119,S125,S137
S097_softcore_000010	13	0.090909	S097_XP_032240240.2	S097_XP_048590294.1	S026,S028,S030,S031,S032,S056,S062,S081,S102,S106,S109,S125,S137
S097_softcore_000011	13	0.090909	S097_XP_048575965.1	S097_XP_048575966.1	S024,S025,S027,S030,S056,S081,S099,S102,S106,S109,S113,S125,S137
S097_softcore_000012	13	0.090909	S097_XP_048585988.1	S097_XP_048586340.1	S025,S026,S028,S030,S031,S049,S050,S056,S063,S081,S106,S132,S137
S097_softcore_000013	13	0.090909	S097_XP_048590595.1	S097_XP_048590598.1	S026,S028,S030,S031,S032,S056,S062,S081,S106,S109,S125,S132,S137
S097_softcore_000014	12	0.083916	S097_XP_001630586.3	S097_XP_001630620.1	S024,S025,S030,S056,S081,S090,S099,S102,S106,S113,S125,S132
S097_softcore_000015	12	0.083916	S097_XP_001630622.2	S097_XP_048576307.1	S024,S025,S030,S090,S099,S102,S106,S109,S113,S125,S132,S137
S097_softcore_000016	12	0.083916	S097_XP_001634882.2	S097_XP_032240188.1	S026,S030,S031,S032,S056,S062,S081,S099,S102,S106,S109,S137
S097_softcore_000017	12	0.083916	S097_XP_001635075.3	S097_XP_001635120.1	S026,S027,S028,S030,S031,S050,S056,S062,S081,S106,S132,S137
S097_softcore_000018	12	0.083916	S097_XP_001635076.2	S097_XP_001635120.1	S026,S027,S028,S030,S031,S050,S056,S062,S081,S106,S132,S137
S097_softcore_000019	12	0.083916	S097_XP_001635076.2	S097_XP_001635121.1	S026,S027,S028,S030,S031,S050,S056,S062,S081,S106,S132,S137
S097_softcore_000020	12	0.083916	S097_XP_001635121.1	S097_XP_032240410.1	S026,S027,S028,S030,S031,S050,S056,S062,S081,S106,S132,S137
S097_softcore_000021	12	0.083916	S097_XP_001637976.1	S097_XP_032218455.2	S024,S031,S050,S081,S099,S102,S106,S109,S113,S119,S125,S137
S097_softcore_000022	12	0.083916	S097_XP_001637976.1	S097_XP_048576538.1	S024,S031,S050,S081,S099,S102,S106,S109,S113,S119,S125,S137
S097_softcore_000023	12	0.083916	S097_XP_001637977.2	S097_XP_032218420.2	S024,S031,S050,S081,S099,S102,S106,S109,S113,S119,S125,S137
S097_softcore_000024	12	0.083916	S097_XP_001637977.2	S097_XP_048576538.1	S024,S031,S050,S081,S099,S102,S106,S109,S113,S119,S125,S137
S097_softcore_000025	12	0.083916	S097_XP_001638456.1	S097_XP_001638518.1	S024,S025,S031,S049,S050,S081,S102,S106,S109,S125,S132,S137
S097_softcore_000026	12	0.083916	S097_XP_001638456.1	S097_XP_032219123.1	S024,S025,S031,S049,S050,S081,S102,S106,S109,S125,S132,S137
S097_softcore_000027	12	0.083916	S097_XP_001638518.1	S097_XP_032219124.1	S024,S025,S031,S049,S050,S081,S102,S106,S109,S125,S132,S137
S097_softcore_000028	12	0.083916	S097_XP_032219123.1	S097_XP_032219165.1	S024,S025,S031,S049,S050,S081,S102,S106,S109,S125,S132,S137
S097_softcore_000029	12	0.083916	S097_XP_032220208.2	S097_XP_032220212.1	S024,S025,S050,S081,S099,S102,S106,S109,S113,S125,S132,S137
S097_softcore_000030	12	0.083916	S097_XP_032221574.1	S097_XP_032221578.1	S024,S025,S027,S030,S056,S081,S099,S102,S106,S109,S113,S125
S097_softcore_000031	12	0.083916	S097_XP_032232312.1	S097_XP_032232335.2	S025,S026,S030,S031,S032,S056,S063,S081,S106,S125,S132,S137
S097_softcore_000032	12	0.083916	S097_XP_032240019.1	S097_XP_048575831.1	S024,S025,S027,S030,S062,S081,S090,S106,S109,S125,S132,S137
S097_softcore_000033	12	0.083916	S097_XP_032240410.1	S097_XP_032240411.2	S026,S027,S028,S030,S031,S050,S056,S062,S081,S106,S132,S137
S097_softcore_000034	12	0.083916	S097_XP_032240440.2	S097_XP_048585972.1	S026,S027,S028,S030,S031,S050,S056,S062,S081,S106,S132,S137
S097_softcore_000035	11	0.076923	S097_XP_001621765.2	S097_XP_032224633.2	S025,S026,S028,S031,S049,S050,S063,S081,S106,S132,S137
S097_softcore_000036	11	0.076923	S097_XP_001625098.1	S097_XP_001625113.2	S024,S025,S028,S030,S031,S050,S056,S081,S106,S132,S137
S097_softcore_000037	11	0.076923	S097_XP_001625113.2	S097_XP_048585785.1	S024,S025,S028,S030,S031,S050,S056,S081,S106,S132,S137
S097_softcore_000038	11	0.076923	S097_XP_001629954.3	S097_XP_048589145.1	S024,S025,S026,S027,S031,S050,S078,S106,S109,S132,S137
S097_softcore_000039	11	0.076923	S097_XP_001629988.1	S097_XP_032234293.2	S024,S025,S026,S028,S030,S031,S049,S050,S080,S106,S137
S097_softcore_000040	11	0.076923	S097_XP_001629988.1	S097_XP_048588312.1	S024,S025,S026,S028,S030,S031,S049,S050,S080,S106,S137
S097_softcore_000041	11	0.076923	S097_XP_001630213.2	S097_XP_048586158.1	S025,S026,S028,S030,S031,S050,S056,S062,S081,S106,S132
S097_softcore_000042	11	0.076923	S097_XP_001630213.2	S097_XP_048586395.1	S025,S026,S028,S030,S031,S050,S056,S062,S081,S106,S132
S097_softcore_000043	11	0.076923	S097_XP_001630583.1	S097_XP_048576304.1	S024,S025,S030,S081,S090,S102,S106,S109,S125,S132,S137
S097_softcore_000044	11	0.076923	S097_XP_001630586.3	S097_XP_032235089.2	S024,S025,S030,S056,S081,S090,S099,S106,S109,S113,S125
S097_softcore_000045	11	0.076923	S097_XP_001630619.2	S097_XP_048576304.1	S024,S025,S030,S081,S090,S102,S106,S109,S125,S132,S137
S097_softcore_000046	11	0.076923	S097_XP_001635075.3	S097_XP_032240412.1	S026,S027,S028,S030,S031,S050,S056,S062,S106,S132,S137
S097_softcore_000047	11	0.076923	S097_XP_001635089.3	S097_XP_048585822.1	S026,S027,S028,S030,S031,S050,S056,S062,S081,S106,S137
S097_softcore_000048	11	0.076923	S097_XP_001638519.2	S097_XP_032219124.1	S024,S025,S031,S049,S050,S081,S102,S106,S109,S125,S137
S097_softcore_000049	11	0.076923	S097_XP_001639344.1	S097_XP_001639423.1	S024,S025,S050,S081,S099,S102,S106,S109,S113,S125,S137
S097_softcore_000050	11	0.076923	S097_XP_001640333.1	S097_XP_048575965.1	S024,S025,S027,S056,S081,S099,S102,S106,S109,S113,S125
S097_softcore_000051	11	0.076923	S097_XP_032220208.2	S097_XP_032220211.2	S024,S025,S050,S081,S099,S102,S109,S113,S125,S132,S137
S097_softcore_000052	11	0.076923	S097_XP_032220211.2	S097_XP_048576900.1	S024,S025,S050,S081,S099,S102,S109,S113,S125,S132,S137
S097_softcore_000053	11	0.076923	S097_XP_032227969.1	S097_XP_032227970.1	S024,S026,S028,S030,S031,S050,S063,S080,S106,S132,S137
S097_softcore_000054	11	0.076923	S097_XP_032228347.2	S097_XP_048586466.1	S024,S025,S028,S030,S031,S050,S056,S081,S106,S132,S137
S097_softcore_000055	11	0.076923	S097_XP_032234811.2	S097_XP_032234812.2	S030,S100,S102,S106,S109,S115,S119,S121,S125,S126,S137
S097_softcore_000056	11	0.076923	S097_XP_032240019.1	S097_XP_032240021.1	S024,S025,S027,S030,S081,S090,S106,S109,S125,S132,S137
S097_softcore_000057	11	0.076923	S097_XP_032240044.2	S097_XP_048575831.1	S024,S025,S027,S030,S062,S081,S090,S106,S109,S125,S137
S097_softcore_000058	11	0.076923	S097_XP_032240411.2	S097_XP_048586758.1	S026,S027,S028,S031,S050,S056,S062,S081,S106,S132,S137
S097_softcore_000059	11	0.076923	S097_XP_032240419.1	S097_XP_048586758.1	S026,S027,S028,S031,S050,S056,S062,S081,S106,S132,S137
S097_softcore_000060	11	0.076923	S097_XP_048576898.1	S097_XP_048576900.1	S024,S050,S081,S099,S102,S106,S109,S113,S125,S132,S137
S097_softcore_000061	11	0.076923	S097_XP_048586393.1	S097_XP_048586395.1	S025,S026,S028,S030,S031,S050,S056,S062,S081,S106,S132
S097_softcore_000062	11	0.076923	S097_XP_048590688.1	S097_XP_048590689.1	S026,S028,S030,S031,S032,S056,S081,S106,S109,S125,S137
S097_softcore_000063	10	0.069930	S097_XP_001621766.2	S097_XP_032224630.1	S025,S026,S028,S030,S031,S056,S081,S106,S132,S137
S097_softcore_000064	10	0.069930	S097_XP_001622346.3	S097_XP_032225238.1	S024,S025,S026,S030,S031,S049,S050,S080,S106,S137
S097_softcore_000065	10	0.069930	S097_XP_001623503.2	S097_XP_001623507.1	S024,S025,S026,S030,S031,S032,S050,S080,S106,S137
S097_softcore_000066	10	0.069930	S097_XP_001623503.2	S097_XP_001626272.2	S024,S025,S026,S030,S031,S032,S050,S080,S106,S137
S097_softcore_000067	10	0.069930	S097_XP_001623507.1	S097_XP_032226464.1	S024,S025,S026,S030,S031,S032,S050,S080,S106,S137
S097_softcore_000068	10	0.069930	S097_XP_001625098.1	S097_XP_001625112.3	S024,S025,S028,S030,S031,S050,S056,S081,S106,S137
S097_softcore_000069	10	0.069930	S097_XP_001625112.3	S097_XP_032228347.2	S024,S025,S028,S030,S031,S050,S056,S081,S106,S137
S097_softcore_000070	10	0.069930	S097_XP_001625224.1	S097_XP_001625239.3	S025,S026,S028,S030,S050,S056,S062,S081,S106,S132
S097_softcore_000071	10	0.069930	S097_XP_001625239.3	S097_XP_032228503.2	S025,S026,S028,S030,S050,S056,S062,S081,S106,S132
S097_softcore_000072	10	0.069930	S097_XP_001627443.2	S097_XP_032231087.2	S024,S025,S026,S031,S050,S078,S106,S109,S132,S137
S097_softcore_000073	10	0.069930	S097_XP_001627780.2	S097_XP_048586344.1	S026,S028,S031,S049,S050,S056,S063,S081,S106,S137
S097_softcore_000074	10	0.069930	S097_XP_001627800.1	S097_XP_048586344.1	S026,S028,S031,S049,S050,S056,S063,S081,S106,S137
S097_softcore_000075	10	0.069930	S097_XP_001628091.3	S097_XP_032231941.1	S024,S025,S026,S027,S031,S050,S088,S106,S109,S137
S097_softcore_000076	10	0.069930	S097_XP_001629940.3	S097_XP_001629955.3	S024,S025,S026,S027,S031,S050,S078,S106,S109,S137
S097_softcore_000077	10	0.069930	S097_XP_001629955.3	S097_XP_048589145.1	S024,S025,S026,S027,S031,S050,S078,S106,S109,S137
S097_softcore_000078	10	0.069930	S097_XP_001630204.2	S097_XP_048585972.1	S026,S027,S028,S030,S031,S050,S056,S081,S106,S132
S097_softcore_000079	10	0.069930	S097_XP_001630387.1	S097_XP_032234810.1	S030,S100,S102,S109,S115,S119,S121,S125,S126,S137
S097_softcore_000080	10	0.069930	S097_XP_001630387.1	S097_XP_032234811.2	S030,S100,S102,S109,S115,S119,S121,S125,S126,S137
S097_softcore_000081	10	0.069930	S097_XP_001630406.1	S097_XP_032234810.1	S030,S100,S102,S109,S115,S119,S121,S125,S126,S137
S097_softcore_000082	10	0.069930	S097_XP_001631440.3	S097_XP_032236077.2	S024,S025,S026,S027,S028,S031,S050,S106,S132,S137
S097_softcore_000083	10	0.069930	S097_XP_001632290.2	S097_XP_048586507.1	S026,S028,S030,S031,S050,S056,S081,S106,S132,S137
S097_softcore_000084	10	0.069930	S097_XP_001632324.1	S097_XP_032237239.2	S025,S026,S028,S030,S031,S050,S056,S081,S106,S132
S097_softcore_000085	10	0.069930	S097_XP_001633631.1	S097_XP_032238770.1	S024,S027,S031,S050,S099,S100,S102,S106,S113,S125
S097_softcore_000086	10	0.069930	S097_XP_001633635.2	S097_XP_001633684.2	S024,S027,S031,S050,S099,S100,S102,S106,S113,S125
S097_softcore_000087	10	0.069930	S097_XP_001633800.2	S097_XP_001633847.1	S024,S025,S026,S031,S050,S078,S080,S106,S132,S137
S097_softcore_000088	10	0.069930	S097_XP_001633800.2	S097_XP_001633848.1	S024,S025,S026,S031,S050,S078,S080,S106,S132,S137
S097_softcore_000089	10	0.069930	S097_XP_001634875.2	S097_XP_001634916.2	S028,S030,S031,S032,S056,S062,S081,S109,S125,S137
S097_softcore_000090	10	0.069930	S097_XP_001634875.2	S097_XP_048590688.1	S028,S030,S031,S032,S056,S062,S081,S109,S125,S137
S097_softcore_000091	10	0.069930	S097_XP_001634920.2	S097_XP_048590591.1	S028,S030,S031,S032,S099,S102,S106,S109,S125,S137
S097_softcore_000092	10	0.069930	S097_XP_001635089.3	S097_XP_032240399.2	S026,S028,S030,S031,S050,S056,S062,S081,S106,S137
S097_softcore_000093	10	0.069930	S097_XP_001638117.2	S097_XP_032218578.1	S024,S025,S026,S027,S030,S031,S050,S080,S106,S132
S097_softcore_000094	10	0.069930	S097_XP_001639105.2	S097_XP_032219956.2	S024,S025,S026,S031,S050,S078,S080,S106,S109,S137
S097_softcore_000095	10	0.069930	S097_XP_001641755.2	S097_XP_001641875.1	S024,S025,S026,S027,S031,S050,S106,S109,S132,S137
S097_softcore_000096	10	0.069930	S097_XP_032225238.1	S097_XP_048588114.1	S024,S025,S026,S028,S031,S049,S050,S080,S106,S137
S097_softcore_000097	10	0.069930	S097_XP_032226244.1	S097_XP_032226246.1	S025,S026,S028,S030,S031,S032,S056,S081,S106,S125
S097_softcore_000098	10	0.069930	S097_XP_032226262.1	S097_XP_032226264.2	S025,S026,S028,S030,S031,S056,S062,S081,S132,S137
S097_softcore_000099	10	0.069930	S097_XP_032226463.2	S097_XP_032226464.1	S024,S025,S026,S030,S031,S032,S050,S080,S106,S137
S097_softcore_000100	10	0.069930	S097_XP_032226463.2	S097_XP_048588973.1	S024,S025,S026,S030,S031,S032,S050,S080,S106,S137
S097_softcore_000101	10	0.069930	S097_XP_032231935.1	S097_XP_032231940.2	S024,S025,S026,S027,S031,S050,S088,S106,S109,S137
S097_softcore_000102	10	0.069930	S097_XP_032231935.1	S097_XP_032231941.1	S024,S025,S026,S027,S031,S050,S088,S106,S109,S137
S097_softcore_000103	10	0.069930	S097_XP_032231940.2	S097_XP_048589675.1	S024,S025,S026,S027,S031,S050,S088,S106,S109,S137
S097_softcore_000104	10	0.069930	S097_XP_032234293.2	S097_XP_048588114.1	S024,S025,S026,S028,S031,S049,S050,S080,S106,S137
S097_softcore_000105	10	0.069930	S097_XP_032236077.2	S097_XP_032236081.1	S024,S025,S026,S027,S028,S031,S050,S106,S132,S137
S097_softcore_000106	10	0.069930	S097_XP_032236078.1	S097_XP_032236081.1	S024,S025,S026,S027,S028,S031,S050,S106,S132,S137
S097_softcore_000107	10	0.069930	S097_XP_032236078.1	S097_XP_032236082.2	S024,S025,S026,S027,S028,S031,S050,S106,S132,S137
S097_softcore_000108	10	0.069930	S097_XP_032236367.2	S097_XP_032236368.2	S024,S025,S026,S027,S031,S050,S106,S109,S125,S137
S097_softcore_000109	10	0.069930	S097_XP_032237226.2	S097_XP_048586141.1	S026,S028,S030,S031,S050,S056,S081,S106,S132,S137
S097_softcore_000110	10	0.069930	S097_XP_032237239.2	S097_XP_048586586.1	S025,S026,S028,S030,S031,S050,S056,S081,S106,S132
S097_softcore_000111	10	0.069930	S097_XP_032240191.1	S097_XP_048590283.1	S028,S030,S032,S056,S062,S099,S102,S109,S125,S137
S097_softcore_000112	10	0.069930	S097_XP_032240402.2	S097_XP_032240403.2	S026,S027,S030,S031,S050,S056,S062,S081,S106,S137
S097_softcore_000113	10	0.069930	S097_XP_032240403.2	S097_XP_032240405.2	S026,S027,S030,S031,S050,S056,S062,S081,S106,S137
S097_softcore_000114	10	0.069930	S097_XP_048586141.1	S097_XP_048586249.1	S026,S028,S030,S031,S050,S056,S081,S106,S132,S137
