code	species	genome_fasta	protein_pep	gff3
S001	Acropora_acuminata	/mnt/nvme1n1/cnidaria_genome/Acropora_acuminata.fa.gz	/mnt/nvme1n1/cnidaria_genome/Acropora_acuminata.pep.gz	/mnt/nvme1n1/cnidaria_genome/Acropora_acuminata.gff3.gz
S002	Acropora_austera	/mnt/nvme1n1/cnidaria_genome/Acropora_austera.fa.gz	/mnt/nvme1n1/cnidaria_genome/Acropora_austera.pep.gz	/mnt/nvme1n1/cnidaria_genome/Acropora_austera.gff3.gz
S003	Acropora_awi	/mnt/nvme1n1/cnidaria_genome/Acropora_awi.fa.gz	/mnt/nvme1n1/cnidaria_genome/Acropora_awi.pep.gz	/mnt/nvme1n1/cnidaria_genome/Acropora_awi.gff3.gz
S004	Acropora_cervicornis	/mnt/nvme1n1/cnidaria_genome/Acropora_cervicornis.fa.gz	/mnt/nvme1n1/cnidaria_genome/Acropora_cervicornis.pep.gz	/mnt/nvme1n1/cnidaria_genome/Acropora_cervicornis.gff3.gz
S005	Acropora_cytherea	/mnt/nvme1n1/cnidaria_genome/Acropora_cytherea.fa.gz	/mnt/nvme1n1/cnidaria_genome/Acropora_cytherea.pep.gz	/mnt/nvme1n1/cnidaria_genome/Acropora_cytherea.gff3.gz
S006	Acropora_digitifera	/mnt/nvme1n1/cnidaria_genome/Acropora_digitifera.fa.gz	/mnt/nvme1n1/cnidaria_genome/Acropora_digitifera.pep.gz	/mnt/nvme1n1/cnidaria_genome/Acropora_digitifera.gff3.gz
S007	Acropora_echinata	/mnt/nvme1n1/cnidaria_genome/Acropora_echinata.fa.gz	/mnt/nvme1n1/cnidaria_genome/Acropora_echinata.pep.gz	/mnt/nvme1n1/cnidaria_genome/Acropora_echinata.gff3.gz
S008	Acropora_florida	/mnt/nvme1n1/cnidaria_genome/Acropora_florida.fa.gz	/mnt/nvme1n1/cnidaria_genome/Acropora_florida.pep.gz	/mnt/nvme1n1/cnidaria_genome/Acropora_florida.gff3.gz
S009	Acropora_gemmifera	/mnt/nvme1n1/cnidaria_genome/Acropora_gemmifera.fa.gz	/mnt/nvme1n1/cnidaria_genome/Acropora_gemmifera.pep.gz	/mnt/nvme1n1/cnidaria_genome/Acropora_gemmifera.gff3.gz
S010	Acropora_hemprichii	/mnt/nvme1n1/cnidaria_genome/Acropora_hemprichii.fa.gz	/mnt/nvme1n1/cnidaria_genome/Acropora_hemprichii.pep.gz	/mnt/nvme1n1/cnidaria_genome/Acropora_hemprichii.gff3.gz
S011	Acropora_hyacinthus	/mnt/nvme1n1/cnidaria_genome/Acropora_hyacinthus.fa.gz	/mnt/nvme1n1/cnidaria_genome/Acropora_hyacinthus.pep.gz	/mnt/nvme1n1/cnidaria_genome/Acropora_hyacinthus.gff3.gz
S012	Acropora_intermedia	/mnt/nvme1n1/cnidaria_genome/Acropora_intermedia.fa.gz	/mnt/nvme1n1/cnidaria_genome/Acropora_intermedia.pep.gz	/mnt/nvme1n1/cnidaria_genome/Acropora_intermedia.gff3.gz
S013	Acropora_loripes	/mnt/nvme1n1/cnidaria_genome/Acropora_loripes.fa.gz	/mnt/nvme1n1/cnidaria_genome/Acropora_loripes.pep.gz	/mnt/nvme1n1/cnidaria_genome/Acropora_loripes.gff3.gz
S014	Acropora_microphthalma	/mnt/nvme1n1/cnidaria_genome/Acropora_microphthalma.fa.gz	/mnt/nvme1n1/cnidaria_genome/Acropora_microphthalma.pep.gz	/mnt/nvme1n1/cnidaria_genome/Acropora_microphthalma.gff3.gz
S015	Acropora_millepora	/mnt/nvme1n1/cnidaria_genome/Acropora_millepora.fa.gz	/mnt/nvme1n1/cnidaria_genome/Acropora_millepora.pep.gz	/mnt/nvme1n1/cnidaria_genome/Acropora_millepora.gff3.gz
S016	Acropora_muricata	/mnt/nvme1n1/cnidaria_genome/Acropora_muricata.fa.gz	/mnt/nvme1n1/cnidaria_genome/Acropora_muricata.pep.gz	/mnt/nvme1n1/cnidaria_genome/Acropora_muricata.gff3.gz
S017	Acropora_nasuta	/mnt/nvme1n1/cnidaria_genome/Acropora_nasuta.fa.gz	/mnt/nvme1n1/cnidaria_genome/Acropora_nasuta.pep.gz	/mnt/nvme1n1/cnidaria_genome/Acropora_nasuta.gff3.gz
S018	Acropora_palmata	/mnt/nvme1n1/cnidaria_genome/Acropora_palmata.fa.gz	/mnt/nvme1n1/cnidaria_genome/Acropora_palmata.pep.gz	/mnt/nvme1n1/cnidaria_genome/Acropora_palmata.gff3.gz
S019	Acropora_pulchra	/mnt/nvme1n1/cnidaria_genome/Acropora_pulchra.fa.gz	/mnt/nvme1n1/cnidaria_genome/Acropora_pulchra.pep.gz	/mnt/nvme1n1/cnidaria_genome/Acropora_pulchra.gff3.gz
S020	Acropora_selago	/mnt/nvme1n1/cnidaria_genome/Acropora_selago.fa.gz	/mnt/nvme1n1/cnidaria_genome/Acropora_selago.pep.gz	/mnt/nvme1n1/cnidaria_genome/Acropora_selago.gff3.gz
S021	Acropora_spathulata	/mnt/nvme1n1/cnidaria_genome/Acropora_spathulata.fa.gz	/mnt/nvme1n1/cnidaria_genome/Acropora_spathulata.pep.gz	/mnt/nvme1n1/cnidaria_genome/Acropora_spathulata.gff3.gz
S022	Acropora_tenuis	/mnt/nvme1n1/cnidaria_genome/Acropora_tenuis.fa.gz	/mnt/nvme1n1/cnidaria_genome/Acropora_tenuis.pep.gz	/mnt/nvme1n1/cnidaria_genome/Acropora_tenuis.gff3.gz
S023	Acropora_yongei	/mnt/nvme1n1/cnidaria_genome/Acropora_yongei.fa.gz	/mnt/nvme1n1/cnidaria_genome/Acropora_yongei.pep.gz	/mnt/nvme1n1/cnidaria_genome/Acropora_yongei.gff3.gz
S024	Actinernus_sp	/mnt/nvme1n1/cnidaria_genome/Actinernus_sp.fa.gz	/mnt/nvme1n1/cnidaria_genome/Actinernus_sp.pep.gz	/mnt/nvme1n1/cnidaria_genome/Actinernus_sp.gff3.gz
S025	Actinia_equina	/mnt/nvme1n1/cnidaria_genome/Actinia_equina.fa.gz	/mnt/nvme1n1/cnidaria_genome/Actinia_equina.pep.gz	/mnt/nvme1n1/cnidaria_genome/Actinia_equina.gff3.gz
S026	Actinia_mediterranea	/mnt/nvme1n1/cnidaria_genome/Actinia_mediterranea.fa.gz	/mnt/nvme1n1/cnidaria_genome/Actinia_mediterranea.pep.gz	/mnt/nvme1n1/cnidaria_genome/Actinia_mediterranea.gff3.gz
S027	Actinia_tenebrosa	/mnt/nvme1n1/cnidaria_genome/Actinia_tenebrosa.fa.gz	/mnt/nvme1n1/cnidaria_genome/Actinia_tenebrosa.pep.gz	/mnt/nvme1n1/cnidaria_genome/Actinia_tenebrosa.gff3.gz
S028	Actinoscyphia_liui	/mnt/nvme1n1/cnidaria_genome/Actinoscyphia_liui.fa.gz	/mnt/nvme1n1/cnidaria_genome/Actinoscyphia_liui.pep.gz	/mnt/nvme1n1/cnidaria_genome/Actinoscyphia_liui.gff3.gz
S029	Actinostola_sp	/mnt/nvme1n1/cnidaria_genome/Actinostola_sp.fa.gz	/mnt/nvme1n1/cnidaria_genome/Actinostola_sp.pep.gz	/mnt/nvme1n1/cnidaria_genome/Actinostola_sp.gff3.gz
S030	Alvinactis_idsseensis	/mnt/nvme1n1/cnidaria_genome/Alvinactis_idsseensis.fa.gz	/mnt/nvme1n1/cnidaria_genome/Alvinactis_idsseensis.pep.gz	/mnt/nvme1n1/cnidaria_genome/Alvinactis_idsseensis.gff3.gz
S031	Anthopleura_xanthogrammica	/mnt/nvme1n1/cnidaria_genome/Anthopleura_xanthogrammica.fa.gz	/mnt/nvme1n1/cnidaria_genome/Anthopleura_xanthogrammica.pep.gz	/mnt/nvme1n1/cnidaria_genome/Anthopleura_xanthogrammica.gff3.gz
S032	Astrangia_poculata	/mnt/nvme1n1/cnidaria_genome/Astrangia_poculata.fa.gz	/mnt/nvme1n1/cnidaria_genome/Astrangia_poculata.pep.gz	/mnt/nvme1n1/cnidaria_genome/Astrangia_poculata.gff3.gz
S033	Astreopora_myriophthalma	/mnt/nvme1n1/cnidaria_genome/Astreopora_myriophthalma.fa.gz	/mnt/nvme1n1/cnidaria_genome/Astreopora_myriophthalma.pep.gz	/mnt/nvme1n1/cnidaria_genome/Astreopora_myriophthalma.gff3.gz
S034	Aurelia_aurita_complex	/mnt/nvme1n1/cnidaria_genome/Aurelia_aurita_complex.fa.gz	/mnt/nvme1n1/cnidaria_genome/Aurelia_aurita_complex.pep.gz	/mnt/nvme1n1/cnidaria_genome/Aurelia_aurita_complex.gff3.gz
S035	Aurelia_aurita	/mnt/nvme1n1/cnidaria_genome/Aurelia_aurita.fa.gz	/mnt/nvme1n1/cnidaria_genome/Aurelia_aurita.pep.gz	/mnt/nvme1n1/cnidaria_genome/Aurelia_aurita.gff3.gz
S036	Aurelia_coerulea	/mnt/nvme1n1/cnidaria_genome/Aurelia_coerulea.fa.gz	/mnt/nvme1n1/cnidaria_genome/Aurelia_coerulea.pep.gz	/mnt/nvme1n1/cnidaria_genome/Aurelia_coerulea.gff3.gz
S037	Aurelia_sp_4	/mnt/nvme1n1/cnidaria_genome/Aurelia_sp_4.fa.gz	/mnt/nvme1n1/cnidaria_genome/Aurelia_sp_4.pep.gz	/mnt/nvme1n1/cnidaria_genome/Aurelia_sp_4.gff3.gz
S038	Blastomussa_wellsi	/mnt/nvme1n1/cnidaria_genome/Blastomussa_wellsi.fa.gz	/mnt/nvme1n1/cnidaria_genome/Blastomussa_wellsi.pep.gz	/mnt/nvme1n1/cnidaria_genome/Blastomussa_wellsi.gff3.gz
S039	Bougainvillia_cf_muscus	/mnt/nvme1n1/cnidaria_genome/Bougainvillia_cf_muscus.fa.gz	/mnt/nvme1n1/cnidaria_genome/Bougainvillia_cf_muscus.pep.gz	/mnt/nvme1n1/cnidaria_genome/Bougainvillia_cf_muscus.gff3.gz
S040	Callogorgia_gracilis	/mnt/nvme1n1/cnidaria_genome/Callogorgia_gracilis.fa.gz	/mnt/nvme1n1/cnidaria_genome/Callogorgia_gracilis.pep.gz	/mnt/nvme1n1/cnidaria_genome/Callogorgia_gracilis.gff3.gz
S041	Candelabrum_cocksii	/mnt/nvme1n1/cnidaria_genome/Candelabrum_cocksii.fa.gz	/mnt/nvme1n1/cnidaria_genome/Candelabrum_cocksii.pep.gz	/mnt/nvme1n1/cnidaria_genome/Candelabrum_cocksii.gff3.gz
S042	Cassiopea_sp_PORT0000214	/mnt/nvme1n1/cnidaria_genome/Cassiopea_sp_PORT0000214.fa.gz	/mnt/nvme1n1/cnidaria_genome/Cassiopea_sp_PORT0000214.pep.gz	/mnt/nvme1n1/cnidaria_genome/Cassiopea_sp_PORT0000214.gff3.gz
S043	Catalaphyllia_jardinei	/mnt/nvme1n1/cnidaria_genome/Catalaphyllia_jardinei.fa.gz	/mnt/nvme1n1/cnidaria_genome/Catalaphyllia_jardinei.pep.gz	/mnt/nvme1n1/cnidaria_genome/Catalaphyllia_jardinei.gff3.gz
S044	Catostylus_mosaicus	/mnt/nvme1n1/cnidaria_genome/Catostylus_mosaicus.fa.gz	/mnt/nvme1n1/cnidaria_genome/Catostylus_mosaicus.pep.gz	/mnt/nvme1n1/cnidaria_genome/Catostylus_mosaicus.gff3.gz
S045	Chrysaora_quinquecirrha	/mnt/nvme1n1/cnidaria_genome/Chrysaora_quinquecirrha.fa.gz	/mnt/nvme1n1/cnidaria_genome/Chrysaora_quinquecirrha.pep.gz	/mnt/nvme1n1/cnidaria_genome/Chrysaora_quinquecirrha.gff3.gz
S046	Chrysogorgia_sp	/mnt/nvme1n1/cnidaria_genome/Chrysogorgia_sp.fa.gz	/mnt/nvme1n1/cnidaria_genome/Chrysogorgia_sp.pep.gz	/mnt/nvme1n1/cnidaria_genome/Chrysogorgia_sp.gff3.gz
S047	Cladopsammia_gracilis	/mnt/nvme1n1/cnidaria_genome/Cladopsammia_gracilis.fa.gz	/mnt/nvme1n1/cnidaria_genome/Cladopsammia_gracilis.pep.gz	/mnt/nvme1n1/cnidaria_genome/Cladopsammia_gracilis.gff3.gz
S048	Clytia_hemisphaerica	/mnt/nvme1n1/cnidaria_genome/Clytia_hemisphaerica.fa.gz	/mnt/nvme1n1/cnidaria_genome/Clytia_hemisphaerica.pep.gz	/mnt/nvme1n1/cnidaria_genome/Clytia_hemisphaerica.gff3.gz
S049	Colpophyllia_natans	/mnt/nvme1n1/cnidaria_genome/Colpophyllia_natans.fa.gz	/mnt/nvme1n1/cnidaria_genome/Colpophyllia_natans.pep.gz	/mnt/nvme1n1/cnidaria_genome/Colpophyllia_natans.gff3.gz
S050	Condylactis_gigantea	/mnt/nvme1n1/cnidaria_genome/Condylactis_gigantea.fa.gz	/mnt/nvme1n1/cnidaria_genome/Condylactis_gigantea.pep.gz	/mnt/nvme1n1/cnidaria_genome/Condylactis_gigantea.gff3.gz
S051	Cyphastrea_salae	/mnt/nvme1n1/cnidaria_genome/Cyphastrea_salae.fa.gz	/mnt/nvme1n1/cnidaria_genome/Cyphastrea_salae.pep.gz	/mnt/nvme1n1/cnidaria_genome/Cyphastrea_salae.gff3.gz
S052	Dendrogyra_cylindrus	/mnt/nvme1n1/cnidaria_genome/Dendrogyra_cylindrus.fa.gz	/mnt/nvme1n1/cnidaria_genome/Dendrogyra_cylindrus.pep.gz	/mnt/nvme1n1/cnidaria_genome/Dendrogyra_cylindrus.gff3.gz
S053	Dendronephthya_gigantea	/mnt/nvme1n1/cnidaria_genome/Dendronephthya_gigantea.fa.gz	/mnt/nvme1n1/cnidaria_genome/Dendronephthya_gigantea.pep.gz	/mnt/nvme1n1/cnidaria_genome/Dendronephthya_gigantea.gff3.gz
S054	Dendrophyllia_cribrosa	/mnt/nvme1n1/cnidaria_genome/Dendrophyllia_cribrosa.fa.gz	/mnt/nvme1n1/cnidaria_genome/Dendrophyllia_cribrosa.pep.gz	/mnt/nvme1n1/cnidaria_genome/Dendrophyllia_cribrosa.gff3.gz
S055	Desmophyllum_pertusum	/mnt/nvme1n1/cnidaria_genome/Desmophyllum_pertusum.fa.gz	/mnt/nvme1n1/cnidaria_genome/Desmophyllum_pertusum.pep.gz	/mnt/nvme1n1/cnidaria_genome/Desmophyllum_pertusum.gff3.gz
S056	Diadumene_lineata	/mnt/nvme1n1/cnidaria_genome/Diadumene_lineata.fa.gz	/mnt/nvme1n1/cnidaria_genome/Diadumene_lineata.pep.gz	/mnt/nvme1n1/cnidaria_genome/Diadumene_lineata.gff3.gz
S057	Duncanopsammia_axifuga	/mnt/nvme1n1/cnidaria_genome/Duncanopsammia_axifuga.fa.gz	/mnt/nvme1n1/cnidaria_genome/Duncanopsammia_axifuga.pep.gz	/mnt/nvme1n1/cnidaria_genome/Duncanopsammia_axifuga.gff3.gz
S058	Echinopora_horrida	/mnt/nvme1n1/cnidaria_genome/Echinopora_horrida.fa.gz	/mnt/nvme1n1/cnidaria_genome/Echinopora_horrida.pep.gz	/mnt/nvme1n1/cnidaria_genome/Echinopora_horrida.gff3.gz
S059	Edwardsia_elegans	/mnt/nvme1n1/cnidaria_genome/Edwardsia_elegans.fa.gz	/mnt/nvme1n1/cnidaria_genome/Edwardsia_elegans.pep.gz	/mnt/nvme1n1/cnidaria_genome/Edwardsia_elegans.gff3.gz
S060	Eunicella_cavolini	/mnt/nvme1n1/cnidaria_genome/Eunicella_cavolini.fa.gz	/mnt/nvme1n1/cnidaria_genome/Eunicella_cavolini.pep.gz	/mnt/nvme1n1/cnidaria_genome/Eunicella_cavolini.gff3.gz
S061	Eunicella_verrucosa	/mnt/nvme1n1/cnidaria_genome/Eunicella_verrucosa.fa.gz	/mnt/nvme1n1/cnidaria_genome/Eunicella_verrucosa.pep.gz	/mnt/nvme1n1/cnidaria_genome/Eunicella_verrucosa.gff3.gz
S062	Exaiptasia_diaphana	/mnt/nvme1n1/cnidaria_genome/Exaiptasia_diaphana.fa.gz	/mnt/nvme1n1/cnidaria_genome/Exaiptasia_diaphana.pep.gz	/mnt/nvme1n1/cnidaria_genome/Exaiptasia_diaphana.gff3.gz
S063	Fimbriaphyllia_ancora	/mnt/nvme1n1/cnidaria_genome/Fimbriaphyllia_ancora.fa.gz	/mnt/nvme1n1/cnidaria_genome/Fimbriaphyllia_ancora.pep.gz	/mnt/nvme1n1/cnidaria_genome/Fimbriaphyllia_ancora.gff3.gz
S064	Galaxea_fascicularis	/mnt/nvme1n1/cnidaria_genome/Galaxea_fascicularis.fa.gz	/mnt/nvme1n1/cnidaria_genome/Galaxea_fascicularis.pep.gz	/mnt/nvme1n1/cnidaria_genome/Galaxea_fascicularis.gff3.gz
S065	Haliclystus_octoradiatus	/mnt/nvme1n1/cnidaria_genome/Haliclystus_octoradiatus.fa.gz	/mnt/nvme1n1/cnidaria_genome/Haliclystus_octoradiatus.pep.gz	/mnt/nvme1n1/cnidaria_genome/Haliclystus_octoradiatus.gff3.gz
S066	Heliopora_coerulea	/mnt/nvme1n1/cnidaria_genome/Heliopora_coerulea.fa.gz	/mnt/nvme1n1/cnidaria_genome/Heliopora_coerulea.pep.gz	/mnt/nvme1n1/cnidaria_genome/Heliopora_coerulea.gff3.gz
S067	Hemicorallium_imperiale	/mnt/nvme1n1/cnidaria_genome/Hemicorallium_imperiale.fa.gz	/mnt/nvme1n1/cnidaria_genome/Hemicorallium_imperiale.pep.gz	/mnt/nvme1n1/cnidaria_genome/Hemicorallium_imperiale.gff3.gz
S068	Henneguya_salminicola	/mnt/nvme1n1/cnidaria_genome/Henneguya_salminicola.fa.gz	/mnt/nvme1n1/cnidaria_genome/Henneguya_salminicola.pep.gz	/mnt/nvme1n1/cnidaria_genome/Henneguya_salminicola.gff3.gz
S069	Hydractinia_echinata	/mnt/nvme1n1/cnidaria_genome/Hydractinia_echinata.fa.gz	/mnt/nvme1n1/cnidaria_genome/Hydractinia_echinata.pep.gz	/mnt/nvme1n1/cnidaria_genome/Hydractinia_echinata.gff3.gz
S070	Hydractinia_symbiolongicarpus	/mnt/nvme1n1/cnidaria_genome/Hydractinia_symbiolongicarpus.fa.gz	/mnt/nvme1n1/cnidaria_genome/Hydractinia_symbiolongicarpus.pep.gz	/mnt/nvme1n1/cnidaria_genome/Hydractinia_symbiolongicarpus.gff3.gz
S071	Hydra_oligactis	/mnt/nvme1n1/cnidaria_genome/Hydra_oligactis.fa.gz	/mnt/nvme1n1/cnidaria_genome/Hydra_oligactis.pep.gz	/mnt/nvme1n1/cnidaria_genome/Hydra_oligactis.gff3.gz
S072	Hydra_viridissima	/mnt/nvme1n1/cnidaria_genome/Hydra_viridissima.fa.gz	/mnt/nvme1n1/cnidaria_genome/Hydra_viridissima.pep.gz	/mnt/nvme1n1/cnidaria_genome/Hydra_viridissima.gff3.gz
S073	Hydra_vulgaris	/mnt/nvme1n1/cnidaria_genome/Hydra_vulgaris.fa.gz	/mnt/nvme1n1/cnidaria_genome/Hydra_vulgaris.pep.gz	/mnt/nvme1n1/cnidaria_genome/Hydra_vulgaris.gff3.gz
S074	Leptogorgia_sarmentosa	/mnt/nvme1n1/cnidaria_genome/Leptogorgia_sarmentosa.fa.gz	/mnt/nvme1n1/cnidaria_genome/Leptogorgia_sarmentosa.pep.gz	/mnt/nvme1n1/cnidaria_genome/Leptogorgia_sarmentosa.gff3.gz
S075	Leptoseris_scabra	/mnt/nvme1n1/cnidaria_genome/Leptoseris_scabra.fa.gz	/mnt/nvme1n1/cnidaria_genome/Leptoseris_scabra.pep.gz	/mnt/nvme1n1/cnidaria_genome/Leptoseris_scabra.gff3.gz
S076	Lophelia_pertusa	/mnt/nvme1n1/cnidaria_genome/Lophelia_pertusa.fa.gz	/mnt/nvme1n1/cnidaria_genome/Lophelia_pertusa.pep.gz	/mnt/nvme1n1/cnidaria_genome/Lophelia_pertusa.gff3.gz
S077	Madracis_auretenra	/mnt/nvme1n1/cnidaria_genome/Madracis_auretenra.fa.gz	/mnt/nvme1n1/cnidaria_genome/Madracis_auretenra.pep.gz	/mnt/nvme1n1/cnidaria_genome/Madracis_auretenra.gff3.gz
S078	Madracis_senaria	/mnt/nvme1n1/cnidaria_genome/Madracis_senaria.fa.gz	/mnt/nvme1n1/cnidaria_genome/Madracis_senaria.pep.gz	/mnt/nvme1n1/cnidaria_genome/Madracis_senaria.gff3.gz
S079	Mastigias_papua	/mnt/nvme1n1/cnidaria_genome/Mastigias_papua.fa.gz	/mnt/nvme1n1/cnidaria_genome/Mastigias_papua.pep.gz	/mnt/nvme1n1/cnidaria_genome/Mastigias_papua.gff3.gz
S080	Meandrina_meandrites	/mnt/nvme1n1/cnidaria_genome/Meandrina_meandrites.fa.gz	/mnt/nvme1n1/cnidaria_genome/Meandrina_meandrites.pep.gz	/mnt/nvme1n1/cnidaria_genome/Meandrina_meandrites.gff3.gz
S081	Metridium_senile	/mnt/nvme1n1/cnidaria_genome/Metridium_senile.fa.gz	/mnt/nvme1n1/cnidaria_genome/Metridium_senile.pep.gz	/mnt/nvme1n1/cnidaria_genome/Metridium_senile.gff3.gz
S082	Micromussa_lordhowensis	/mnt/nvme1n1/cnidaria_genome/Micromussa_lordhowensis.fa.gz	/mnt/nvme1n1/cnidaria_genome/Micromussa_lordhowensis.pep.gz	/mnt/nvme1n1/cnidaria_genome/Micromussa_lordhowensis.gff3.gz
S083	Millepora_alcicornis	/mnt/nvme1n1/cnidaria_genome/Millepora_alcicornis.fa.gz	/mnt/nvme1n1/cnidaria_genome/Millepora_alcicornis.pep.gz	/mnt/nvme1n1/cnidaria_genome/Millepora_alcicornis.gff3.gz
S084	Millepora_complanata	/mnt/nvme1n1/cnidaria_genome/Millepora_complanata.fa.gz	/mnt/nvme1n1/cnidaria_genome/Millepora_complanata.pep.gz	/mnt/nvme1n1/cnidaria_genome/Millepora_complanata.gff3.gz
S085	Millepora_dichotoma	/mnt/nvme1n1/cnidaria_genome/Millepora_dichotoma.fa.gz	/mnt/nvme1n1/cnidaria_genome/Millepora_dichotoma.pep.gz	/mnt/nvme1n1/cnidaria_genome/Millepora_dichotoma.gff3.gz
S086	Montipora_cactus	/mnt/nvme1n1/cnidaria_genome/Montipora_cactus.fa.gz	/mnt/nvme1n1/cnidaria_genome/Montipora_cactus.pep.gz	/mnt/nvme1n1/cnidaria_genome/Montipora_cactus.gff3.gz
S087	Montipora_capitata	/mnt/nvme1n1/cnidaria_genome/Montipora_capitata.fa.gz	/mnt/nvme1n1/cnidaria_genome/Montipora_capitata.pep.gz	/mnt/nvme1n1/cnidaria_genome/Montipora_capitata.gff3.gz
S088	Montipora_capricornis	/mnt/nvme1n1/cnidaria_genome/Montipora_capricornis.fa.gz	/mnt/nvme1n1/cnidaria_genome/Montipora_capricornis.pep.gz	/mnt/nvme1n1/cnidaria_genome/Montipora_capricornis.gff3.gz
S089	Montipora_efflorescens	/mnt/nvme1n1/cnidaria_genome/Montipora_efflorescens.fa.gz	/mnt/nvme1n1/cnidaria_genome/Montipora_efflorescens.pep.gz	/mnt/nvme1n1/cnidaria_genome/Montipora_efflorescens.gff3.gz
S090	Montipora_foliosa	/mnt/nvme1n1/cnidaria_genome/Montipora_foliosa.fa.gz	/mnt/nvme1n1/cnidaria_genome/Montipora_foliosa.pep.gz	/mnt/nvme1n1/cnidaria_genome/Montipora_foliosa.gff3.gz
S091	Montipora_grisea	/mnt/nvme1n1/cnidaria_genome/Montipora_grisea.fa.gz	/mnt/nvme1n1/cnidaria_genome/Montipora_grisea.pep.gz	/mnt/nvme1n1/cnidaria_genome/Montipora_grisea.gff3.gz
S092	Morbakka_virulenta	/mnt/nvme1n1/cnidaria_genome/Morbakka_virulenta.fa.gz	/mnt/nvme1n1/cnidaria_genome/Morbakka_virulenta.pep.gz	/mnt/nvme1n1/cnidaria_genome/Morbakka_virulenta.gff3.gz
S093	Muricea_muricata	/mnt/nvme1n1/cnidaria_genome/Muricea_muricata.fa.gz	/mnt/nvme1n1/cnidaria_genome/Muricea_muricata.pep.gz	/mnt/nvme1n1/cnidaria_genome/Muricea_muricata.gff3.gz
S094	Myxobolus_honghuensis	/mnt/nvme1n1/cnidaria_genome/Myxobolus_honghuensis.fa.gz	/mnt/nvme1n1/cnidaria_genome/Myxobolus_honghuensis.pep.gz	/mnt/nvme1n1/cnidaria_genome/Myxobolus_honghuensis.gff3.gz
S095	Myxobolus_squamalis	/mnt/nvme1n1/cnidaria_genome/Myxobolus_squamalis.fa.gz	/mnt/nvme1n1/cnidaria_genome/Myxobolus_squamalis.pep.gz	/mnt/nvme1n1/cnidaria_genome/Myxobolus_squamalis.gff3.gz
S096	Nanomia_septata	/mnt/nvme1n1/cnidaria_genome/Nanomia_septata.fa.gz	/mnt/nvme1n1/cnidaria_genome/Nanomia_septata.pep.gz	/mnt/nvme1n1/cnidaria_genome/Nanomia_septata.gff3.gz
S097	Nematostella_vectensis	/mnt/nvme1n1/cnidaria_genome/Nematostella_vectensis.fa.gz	/mnt/nvme1n1/cnidaria_genome/Nematostella_vectensis.pep.gz	/mnt/nvme1n1/cnidaria_genome/Nematostella_vectensis.gff3.gz
S098	Nemopilema_nomurai	/mnt/nvme1n1/cnidaria_genome/Nemopilema_nomurai.fa.gz	/mnt/nvme1n1/cnidaria_genome/Nemopilema_nomurai.pep.gz	/mnt/nvme1n1/cnidaria_genome/Nemopilema_nomurai.gff3.gz
S099	Oculina_arbuscula	/mnt/nvme1n1/cnidaria_genome/Oculina_arbuscula.fa.gz	/mnt/nvme1n1/cnidaria_genome/Oculina_arbuscula.pep.gz	/mnt/nvme1n1/cnidaria_genome/Oculina_arbuscula.gff3.gz
S100	Oculina_patagonica	/mnt/nvme1n1/cnidaria_genome/Oculina_patagonica.fa.gz	/mnt/nvme1n1/cnidaria_genome/Oculina_patagonica.pep.gz	/mnt/nvme1n1/cnidaria_genome/Oculina_patagonica.gff3.gz
S101	Orbicella_faveolata	/mnt/nvme1n1/cnidaria_genome/Orbicella_faveolata.fa.gz	/mnt/nvme1n1/cnidaria_genome/Orbicella_faveolata.pep.gz	/mnt/nvme1n1/cnidaria_genome/Orbicella_faveolata.gff3.gz
S102	Orbicella_franksi	/mnt/nvme1n1/cnidaria_genome/Orbicella_franksi.fa.gz	/mnt/nvme1n1/cnidaria_genome/Orbicella_franksi.pep.gz	/mnt/nvme1n1/cnidaria_genome/Orbicella_franksi.gff3.gz
S103	Pachyseris_speciosa	/mnt/nvme1n1/cnidaria_genome/Pachyseris_speciosa.fa.gz	/mnt/nvme1n1/cnidaria_genome/Pachyseris_speciosa.pep.gz	/mnt/nvme1n1/cnidaria_genome/Pachyseris_speciosa.gff3.gz
S104	Palythoa_mizigama	/mnt/nvme1n1/cnidaria_genome/Palythoa_mizigama.fa.gz	/mnt/nvme1n1/cnidaria_genome/Palythoa_mizigama.pep.gz	/mnt/nvme1n1/cnidaria_genome/Palythoa_mizigama.gff3.gz
S105	Palythoa_umbrosa	/mnt/nvme1n1/cnidaria_genome/Palythoa_umbrosa.fa.gz	/mnt/nvme1n1/cnidaria_genome/Palythoa_umbrosa.pep.gz	/mnt/nvme1n1/cnidaria_genome/Palythoa_umbrosa.gff3.gz
S106	Paracondylactis_sinensis	/mnt/nvme1n1/cnidaria_genome/Paracondylactis_sinensis.fa.gz	/mnt/nvme1n1/cnidaria_genome/Paracondylactis_sinensis.pep.gz	/mnt/nvme1n1/cnidaria_genome/Paracondylactis_sinensis.gff3.gz
S107	Paragorgia_papillata	/mnt/nvme1n1/cnidaria_genome/Paragorgia_papillata.fa.gz	/mnt/nvme1n1/cnidaria_genome/Paragorgia_papillata.pep.gz	/mnt/nvme1n1/cnidaria_genome/Paragorgia_papillata.gff3.gz
S108	Paramuricea_clavata	/mnt/nvme1n1/cnidaria_genome/Paramuricea_clavata.fa.gz	/mnt/nvme1n1/cnidaria_genome/Paramuricea_clavata.pep.gz	/mnt/nvme1n1/cnidaria_genome/Paramuricea_clavata.gff3.gz
S109	Paraphelliactis_xishaensis	/mnt/nvme1n1/cnidaria_genome/Paraphelliactis_xishaensis.fa.gz	/mnt/nvme1n1/cnidaria_genome/Paraphelliactis_xishaensis.pep.gz	/mnt/nvme1n1/cnidaria_genome/Paraphelliactis_xishaensis.gff3.gz
S110	Pelagia_noctiluca	/mnt/nvme1n1/cnidaria_genome/Pelagia_noctiluca.fa.gz	/mnt/nvme1n1/cnidaria_genome/Pelagia_noctiluca.pep.gz	/mnt/nvme1n1/cnidaria_genome/Pelagia_noctiluca.gff3.gz
S111	Platygyra_sinensis	/mnt/nvme1n1/cnidaria_genome/Platygyra_sinensis.fa.gz	/mnt/nvme1n1/cnidaria_genome/Platygyra_sinensis.pep.gz	/mnt/nvme1n1/cnidaria_genome/Platygyra_sinensis.gff3.gz
S112	Plumapathes_pennacea	/mnt/nvme1n1/cnidaria_genome/Plumapathes_pennacea.fa.gz	/mnt/nvme1n1/cnidaria_genome/Plumapathes_pennacea.pep.gz	/mnt/nvme1n1/cnidaria_genome/Plumapathes_pennacea.gff3.gz
S113	Pocillopora_acuta	/mnt/nvme1n1/cnidaria_genome/Pocillopora_acuta.fa.gz	/mnt/nvme1n1/cnidaria_genome/Pocillopora_acuta.pep.gz	/mnt/nvme1n1/cnidaria_genome/Pocillopora_acuta.gff3.gz
S114	Pocillopora_damicornis	/mnt/nvme1n1/cnidaria_genome/Pocillopora_damicornis.fa.gz	/mnt/nvme1n1/cnidaria_genome/Pocillopora_damicornis.pep.gz	/mnt/nvme1n1/cnidaria_genome/Pocillopora_damicornis.gff3.gz
S115	Pocillopora_meandrina	/mnt/nvme1n1/cnidaria_genome/Pocillopora_meandrina.fa.gz	/mnt/nvme1n1/cnidaria_genome/Pocillopora_meandrina.pep.gz	/mnt/nvme1n1/cnidaria_genome/Pocillopora_meandrina.gff3.gz
S116	Pocillopora_verrucosa	/mnt/nvme1n1/cnidaria_genome/Pocillopora_verrucosa.fa.gz	/mnt/nvme1n1/cnidaria_genome/Pocillopora_verrucosa.pep.gz	/mnt/nvme1n1/cnidaria_genome/Pocillopora_verrucosa.gff3.gz
S117	Podabacia_crustacea	/mnt/nvme1n1/cnidaria_genome/Podabacia_crustacea.fa.gz	/mnt/nvme1n1/cnidaria_genome/Podabacia_crustacea.pep.gz	/mnt/nvme1n1/cnidaria_genome/Podabacia_crustacea.gff3.gz
S118	Porites_australiensis	/mnt/nvme1n1/cnidaria_genome/Porites_australiensis.fa.gz	/mnt/nvme1n1/cnidaria_genome/Porites_australiensis.pep.gz	/mnt/nvme1n1/cnidaria_genome/Porites_australiensis.gff3.gz
S119	Porites_compressa	/mnt/nvme1n1/cnidaria_genome/Porites_compressa.fa.gz	/mnt/nvme1n1/cnidaria_genome/Porites_compressa.pep.gz	/mnt/nvme1n1/cnidaria_genome/Porites_compressa.gff3.gz
S120	Porites_cylindrica	/mnt/nvme1n1/cnidaria_genome/Porites_cylindrica.fa.gz	/mnt/nvme1n1/cnidaria_genome/Porites_cylindrica.pep.gz	/mnt/nvme1n1/cnidaria_genome/Porites_cylindrica.gff3.gz
S121	Porites_divaricata	/mnt/nvme1n1/cnidaria_genome/Porites_divaricata.fa.gz	/mnt/nvme1n1/cnidaria_genome/Porites_divaricata.pep.gz	/mnt/nvme1n1/cnidaria_genome/Porites_divaricata.gff3.gz
S122	Porites_evermanni	/mnt/nvme1n1/cnidaria_genome/Porites_evermanni.fa.gz	/mnt/nvme1n1/cnidaria_genome/Porites_evermanni.pep.gz	/mnt/nvme1n1/cnidaria_genome/Porites_evermanni.gff3.gz
S123	Porites_harrisoni	/mnt/nvme1n1/cnidaria_genome/Porites_harrisoni.fa.gz	/mnt/nvme1n1/cnidaria_genome/Porites_harrisoni.pep.gz	/mnt/nvme1n1/cnidaria_genome/Porites_harrisoni.gff3.gz
S124	Porites_lobata	/mnt/nvme1n1/cnidaria_genome/Porites_lobata.fa.gz	/mnt/nvme1n1/cnidaria_genome/Porites_lobata.pep.gz	/mnt/nvme1n1/cnidaria_genome/Porites_lobata.gff3.gz
S125	Porites_lutea	/mnt/nvme1n1/cnidaria_genome/Porites_lutea.fa.gz	/mnt/nvme1n1/cnidaria_genome/Porites_lutea.pep.gz	/mnt/nvme1n1/cnidaria_genome/Porites_lutea.gff3.gz
S126	Porites_rus	/mnt/nvme1n1/cnidaria_genome/Porites_rus.fa.gz	/mnt/nvme1n1/cnidaria_genome/Porites_rus.pep.gz	/mnt/nvme1n1/cnidaria_genome/Porites_rus.gff3.gz
S127	Pteroeides_griseum	/mnt/nvme1n1/cnidaria_genome/Pteroeides_griseum.fa.gz	/mnt/nvme1n1/cnidaria_genome/Pteroeides_griseum.pep.gz	/mnt/nvme1n1/cnidaria_genome/Pteroeides_griseum.gff3.gz
S128	Rhodactis_osculifera	/mnt/nvme1n1/cnidaria_genome/Rhodactis_osculifera.fa.gz	/mnt/nvme1n1/cnidaria_genome/Rhodactis_osculifera.pep.gz	/mnt/nvme1n1/cnidaria_genome/Rhodactis_osculifera.gff3.gz
S129	Rhopilema_esculentum	/mnt/nvme1n1/cnidaria_genome/Rhopilema_esculentum.fa.gz	/mnt/nvme1n1/cnidaria_genome/Rhopilema_esculentum.pep.gz	/mnt/nvme1n1/cnidaria_genome/Rhopilema_esculentum.gff3.gz
S130	Ricordea_florida	/mnt/nvme1n1/cnidaria_genome/Ricordea_florida.fa.gz	/mnt/nvme1n1/cnidaria_genome/Ricordea_florida.pep.gz	/mnt/nvme1n1/cnidaria_genome/Ricordea_florida.gff3.gz
S131	Sanderia_malayensis	/mnt/nvme1n1/cnidaria_genome/Sanderia_malayensis.fa.gz	/mnt/nvme1n1/cnidaria_genome/Sanderia_malayensis.pep.gz	/mnt/nvme1n1/cnidaria_genome/Sanderia_malayensis.gff3.gz
S132	Scolanthus_callimorphus	/mnt/nvme1n1/cnidaria_genome/Scolanthus_callimorphus.fa.gz	/mnt/nvme1n1/cnidaria_genome/Scolanthus_callimorphus.pep.gz	/mnt/nvme1n1/cnidaria_genome/Scolanthus_callimorphus.gff3.gz
S133	Siderastrea_radians	/mnt/nvme1n1/cnidaria_genome/Siderastrea_radians.fa.gz	/mnt/nvme1n1/cnidaria_genome/Siderastrea_radians.pep.gz	/mnt/nvme1n1/cnidaria_genome/Siderastrea_radians.gff3.gz
S134	Siderastrea_siderea	/mnt/nvme1n1/cnidaria_genome/Siderastrea_siderea.fa.gz	/mnt/nvme1n1/cnidaria_genome/Siderastrea_siderea.pep.gz	/mnt/nvme1n1/cnidaria_genome/Siderastrea_siderea.gff3.gz
S135	Stephanocoenia_intersepta	/mnt/nvme1n1/cnidaria_genome/Stephanocoenia_intersepta.fa.gz	/mnt/nvme1n1/cnidaria_genome/Stephanocoenia_intersepta.pep.gz	/mnt/nvme1n1/cnidaria_genome/Stephanocoenia_intersepta.gff3.gz
S136	Stylophora_pistillata	/mnt/nvme1n1/cnidaria_genome/Stylophora_pistillata.fa.gz	/mnt/nvme1n1/cnidaria_genome/Stylophora_pistillata.pep.gz	/mnt/nvme1n1/cnidaria_genome/Stylophora_pistillata.gff3.gz
S137	Telmatactis_stephensoni	/mnt/nvme1n1/cnidaria_genome/Telmatactis_stephensoni.fa.gz	/mnt/nvme1n1/cnidaria_genome/Telmatactis_stephensoni.pep.gz	/mnt/nvme1n1/cnidaria_genome/Telmatactis_stephensoni.gff3.gz
S138	Thelohanellus_kitauei	/mnt/nvme1n1/cnidaria_genome/Thelohanellus_kitauei.fa.gz	/mnt/nvme1n1/cnidaria_genome/Thelohanellus_kitauei.pep.gz	/mnt/nvme1n1/cnidaria_genome/Thelohanellus_kitauei.gff3.gz
S139	Trachythela_sp	/mnt/nvme1n1/cnidaria_genome/Trachythela_sp.fa.gz	/mnt/nvme1n1/cnidaria_genome/Trachythela_sp.pep.gz	/mnt/nvme1n1/cnidaria_genome/Trachythela_sp.gff3.gz
S140	Tripedalia_maipoensis	/mnt/nvme1n1/cnidaria_genome/Tripedalia_maipoensis.fa.gz	/mnt/nvme1n1/cnidaria_genome/Tripedalia_maipoensis.pep.gz	/mnt/nvme1n1/cnidaria_genome/Tripedalia_maipoensis.gff3.gz
S141	Tubastraea_coccinea	/mnt/nvme1n1/cnidaria_genome/Tubastraea_coccinea.fa.gz	/mnt/nvme1n1/cnidaria_genome/Tubastraea_coccinea.pep.gz	/mnt/nvme1n1/cnidaria_genome/Tubastraea_coccinea.gff3.gz
S142	Turbinaria_reniformis	/mnt/nvme1n1/cnidaria_genome/Turbinaria_reniformis.fa.gz	/mnt/nvme1n1/cnidaria_genome/Turbinaria_reniformis.pep.gz	/mnt/nvme1n1/cnidaria_genome/Turbinaria_reniformis.gff3.gz
S143	Turritopsis_dohrnii	/mnt/nvme1n1/cnidaria_genome/Turritopsis_dohrnii.fa.gz	/mnt/nvme1n1/cnidaria_genome/Turritopsis_dohrnii.pep.gz	/mnt/nvme1n1/cnidaria_genome/Turritopsis_dohrnii.gff3.gz
S144	Turritopsis_rubra	/mnt/nvme1n1/cnidaria_genome/Turritopsis_rubra.fa.gz	/mnt/nvme1n1/cnidaria_genome/Turritopsis_rubra.pep.gz	/mnt/nvme1n1/cnidaria_genome/Turritopsis_rubra.gff3.gz
S145	Xenia_sp	/mnt/nvme1n1/cnidaria_genome/Xenia_sp.fa.gz	/mnt/nvme1n1/cnidaria_genome/Xenia_sp.pep.gz	/mnt/nvme1n1/cnidaria_genome/Xenia_sp.gff3.gz
