AACUM	Acropora acuminata	Acropora_acuminata.fa.gz
AALAT	Alatina alata	Alatina_alata.fa.gz
AAURI1	Aurelia aurita	Aurelia_aurita.fa.gz
AAURI2	Aurelia aurita complex sp. Pacific	Aurelia_aurita_complex.fa.gz
AAUST	Acropora austera	Acropora_austera.fa.gz
AAWI	Acropora awi	Acropora_awi.fa.gz
ACERV	Acropora cervicornis	Acropora_cervicornis.fa.gz
ACOER	Aurelia coerulea	Aurelia_coerulea.fa.gz
ACYTH	Acropora cytherea	Acropora_cytherea.fa.gz
ADIGI	Acropora digitifera	Acropora_digitifera.fa.gz
AECHI	Acropora echinata	Acropora_echinata.fa.gz
AEQUI	Actinia equina	Actinia_equina.fa.gz
AFLOR	Acropora florida	Acropora_florida.fa.gz
AGEMM	Acropora gemmifera	Acropora_gemmifera.fa.gz
AHEMP	Acropora hemprichii	Acropora_hemprichii.fa.gz
AHYAC	Acropora hyacinthus	Acropora_hyacinthus.fa.gz
AINTE	Acropora intermedia	Acropora_intermedia.fa.gz
ALORI	Acropora loripes	Acropora_loripes.fa.gz
AMEDI	Actinia mediterranea	Actinia_mediterranea.fa.gz
AMICR	Acropora microphthalma	Acropora_microphthalma.fa.gz
AMILL	Acropora millepora	Acropora_millepora.fa.gz
AMURI	Acropora muricata	Acropora_muricata.fa.gz
AMYRI	Astreopora myriophthalma	Astreopora_myriophthalma.fa.gz
ANASU	Acropora nasuta	Acropora_nasuta.fa.gz
APALM	Acropora palmata	Acropora_palmata.fa.gz
APOCU	Astrangia poculata	Astrangia_poculata.fa.gz
APULC	Acropora pulchra	Acropora_pulchra.fa.gz
ASELA	Acropora selago	Acropora_selago.fa.gz
ASP1	Actinernus sp. WN-2022	Actinernus_sp.fa.gz
ASP2	Actinostola sp. cb2023	Actinostola_sp.fa.gz
ASP3	Aurelia sp. 4 Dawson et al 2005	Aurelia_sp_4.fa.gz
ASPAT	Acropora spathulata	Acropora_spathulata.fa.gz
ATENE	Actinia tenebrosa	Actinia_tenebrosa.fa.gz
ATENU	Acropora tenuis	Acropora_tenuis.fa.gz
AXANT	Anthopleura xanthogrammica	Anthopleura_xanthogrammica.fa.gz
AYONG	Acropora yongei	Acropora_yongei.fa.gz
BCFM	Bougainvillia cf. muscus	Bougainvillia_cf_muscus.fa.gz
BWELL	Blastomussa wellsi	Blastomussa_wellsi.fa.gz
CCOCK	Candelabrum cocksii	Candelabrum_cocksii.fa.gz
CCRUX	Calvadosia cruxmelitensis	Calvadosia_cruxmelitensis.fa.gz
CGIGA	Condylactis gigantea	Condylactis_gigantea.fa.gz
CGRAC1	Callogorgia gracilis	Callogorgia_gracilis.fa.gz
CGRAC2	Cladopsammia gracilis	Cladopsammia_gracilis.fa.gz
CHEMI	Clytia hemisphaerica	Clytia_hemisphaerica.fa.gz
CJARD	Catalaphyllia jardinei	Catalaphyllia_jardinei.fa.gz
CMOSA	Catostylus mosaicus	Catostylus_mosaicus.fa.gz
CNATA	Colpophyllia natans	Colpophyllia_natans.fa.gz
CQUIN	Chrysaora quinquecirrha	Chrysaora_quinquecirrha.fa.gz
CSALA	Cyphastrea salae	Cyphastrea_salae.fa.gz
CSP1	Chrysogorgia sp. JL179-B06	Chrysogorgia_sp.fa.gz
CSP2	Cassiopea sp. PORT0000214	Cassiopea_sp_PORT0000214.fa.gz
CXAMA	Cassiopea xamachana	Cassiopea_xamachana.fa.gz
DAXIF	Duncanopsammia axifuga	Duncanopsammia_axifuga.fa.gz
DCRIB	Dendrophyllia cribrosa	Dendrophyllia_cribrosa.fa.gz
DCYLI	Dendrogyra cylindrus	Dendrogyra_cylindrus.fa.gz
DGIGA	Dendronephthya gigantea	Dendronephthya_gigantea.fa.gz
DLINE	Diadumene lineata	Diadumene_lineata.fa.gz
DPERT	Desmophyllum pertusum	Desmophyllum_pertusum.fa.gz
ECAVO	Eunicella cavolini	Eunicella_cavolini.fa.gz
EDIAP	Exaiptasia diaphana	Exaiptasia_diaphana.fa.gz
EELEG	Edwardsia elegans	Edwardsia_elegans.fa.gz
EHORR	Echinopora horrida	Echinopora_horrida.fa.gz
EVERR	Eunicella verrucosa	Eunicella_verrucosa.fa.gz
FANCO	Fimbriaphyllia ancora	Fimbriaphyllia_ancora.fa.gz
GFASC	Galaxea fascicularis	Galaxea_fascicularis.fa.gz
HCOER	Heliopora coerulea	Heliopora_coerulea.fa.gz
HECHI	Hydractinia echinata	Hydractinia_echinata.fa.gz
HIMPE	Hemicorallium imperiale	Hemicorallium_imperiale.fa.gz
HOCTO	Haliclystus octoradiatus	Haliclystus_octoradiatus.fa.gz
HOLIG	Hydra oligactis	Hydra_oligactis.fa.gz
HSALM	Henneguya salminicola	Henneguya_salminicola.fa.gz
HSYMB	Hydractinia symbiolongicarpus	Hydractinia_symbiolongicarpus.fa.gz
HVIRI	Hydra viridissima	Hydra_viridissima.fa.gz
HVULG	Hydra vulgaris	Hydra_vulgaris.fa.gz
LPERT	Lophelia pertusa	Lophelia_pertusa.fa.gz
LSARM	Leptogorgia sarmentosa	Leptogorgia_sarmentosa.fa.gz
LSCAB	Leptoseris scabra	Leptoseris_scabra.fa.gz
MALCI	Millepora alcicornis	Millepora_alcicornis.fa.gz
MAURE	Madracis auretenra	Madracis_auretenra.fa.gz
MCACT	Montipora cactus	Montipora_cactus.fa.gz
MCAPI	Montipora capitata	Montipora_capitata.fa.gz
MCAPR	Montipora capricornis	Montipora_capricornis.fa.gz
MCOMP	Millepora complanata	Millepora_complanata.fa.gz
MDICH	Millepora dichotoma	Millepora_dichotoma.fa.gz
MEFFL	Montipora efflorescens	Montipora_efflorescens.fa.gz
MFOLI	Montipora foliosa	Montipora_foliosa.fa.gz
MGRIS	Montipora grisea	Montipora_grisea.fa.gz
MHONG	Myxobolus honghuensis	Myxobolus_honghuensis.fa.gz
MLORD	Micromussa lordhowensis	Micromussa_lordhowensis.fa.gz
MMEAN	Meandrina meandrites	Meandrina_meandrites.fa.gz
MMURI	Muricea muricata	Muricea_muricata.fa.gz
MPAPU	Mastigias papua	Mastigias_papua.fa.gz
MSENA	Madracis senaria	Madracis_senaria.fa.gz
MSENI	Metridium senile	Metridium_senile.fa.gz
MSQUA	Myxobolus squamalis	Myxobolus_squamalis.fa.gz
MVIRU	Morbakka virulenta	Morbakka_virulenta.fa.gz
NNOMU	Nemopilema nomurai	Nemopilema_nomurai.fa.gz
NSEPT	Nanomia septata	Nanomia_septata.fa.gz
NVECT	Nematostella vectensis	Nematostella_vectensis.fa.gz
OARBU	Oculina arbuscula	Oculina_arbuscula.fa.gz
OFAVE	Orbicella faveolata	Orbicella_faveolata.fa.gz
OFRAN	Orbicella franksi	Orbicella_franksi.fa.gz
OPATA	Oculina patagonica	Oculina_patagonica.fa.gz
PAUST	Porites australiensis	Porites_australiensis.fa.gz
PCLAV	Paramuricea clavata	Paramuricea_clavata.fa.gz
PCRUS	Podabacia crustacea	Podabacia_crustacea.fa.gz
PCYLI	Porites cylindrica	Porites_cylindrica.fa.gz
PDAMI	Pocillopora damicornis	Pocillopora_damicornis.fa.gz
PDIVA	Porites divaricata	Porites_divaricata.fa.gz
PEVER	Porites evermanni	Porites_evermanni.fa.gz
PGRIS	Pteroeides griseum	Pteroeides_griseum.fa.gz
PHARR	Porites harrisoni	Porites_harrisoni.fa.gz
PLOBA	Porites lobata	Porites_lobata.fa.gz
PLUTE	Porites lutea	Porites_lutea.fa.gz
PMEAN	Pocillopora meandrina	Pocillopora_meandrina.fa.gz
PMIZI	Palythoa mizigama	Palythoa_mizigama.fa.gz
PNOCT	Pelagia noctiluca	Pelagia_noctiluca.fa.gz
PPAPI	Paragorgia papillata	Paragorgia_papillata.fa.gz
PPENN	Plumapathes pennacea	Plumapathes_pennacea.fa.gz
PRUS	Porites rus	Porites_rus.fa.gz
PSINE1	Paracondylactis sinensis	Paracondylactis_sinensis.fa.gz
PSINE2	Platygyra sinensis	Platygyra_sinensis.fa.gz
PSPEC	Pachyseris speciosa	Pachyseris_speciosa.fa.gz
PUMBR	Palythoa umbrosa	Palythoa_umbrosa.fa.gz
PVERR	Pocillopora verrucosa	Pocillopora_verrucosa.fa.gz
RESCU	Rhopilema esculentum	Rhopilema_esculentum.fa.gz
RFLOR	Ricordea florida	Ricordea_florida.fa.gz
ROSCU	Rhodactis osculifera	Rhodactis_osculifera.fa.gz
SCALL	Scolanthus callimorphus	Scolanthus_callimorphus.fa.gz
SINTE	Stephanocoenia intersepta	Stephanocoenia_intersepta.fa.gz
SMALA	Sanderia malayensis	Sanderia_malayensis.fa.gz
SPIST	Stylophora pistillata	Stylophora_pistillata.fa.gz
SRADI	Siderastrea radians	Siderastrea_radians.fa.gz
SSIDE	Siderastrea siderea	Siderastrea_siderea.fa.gz
TCOCC	Tubastraea coccinea	Tubastraea_coccinea.fa.gz
TDOHR	Turritopsis dohrnii	Turritopsis_dohrnii.fa.gz
TKITA	Thelohanellus kitauei	Thelohanellus_kitauei.fa.gz
TMAIP	Tripedalia maipoensis	Tripedalia_maipoensis.fa.gz
TRENI	Turbinaria reniformis	Turbinaria_reniformis.fa.gz
TRUBR	Turritopsis rubra	Turritopsis_rubra.fa.gz
TSP	Trachythela sp. YZ-2020	Trachythela_sp.fa.gz
TSTEP	Telmatactis stephensoni	Telmatactis_stephensoni.fa.gz
XSP	Xenia sp. Carnegie-2017	Xenia_sp.fa.gz