Alatina alata	Alatina_alata	AALAT	Cnidaria	Cubozoa	Carybdeida	Alatinidae	Alatina	Alatina alata	1193083	289378	2264702
Morbakka virulenta	Morbakka_virulenta	MVIRU	Cnidaria	Cubozoa	Carybdeida	Carukiidae	Morbakka	Morbakka virulenta	686327	484726	5842338
Tripedalia maipoensis	Tripedalia_maipoensis	TMAIP	Cnidaria	Cubozoa	Carybdeida	Tripedaliidae	Tripedalia	Tripedalia maipoensis	2949330	1649593	12185925
Actinernus sp. WN-2022	Actinernus_sp._WN_2022	ASP1	Cnidaria	Hexacorallia	Actiniaria	Actinernidae	Actinernus	Actinernus sp. WN-2022	2984947	-	-
Actinia equina	Actinia_equina	AEQUI	Cnidaria	Hexacorallia	Actiniaria	Actiniidae	Actinia	Actinia equina	6106	100803	2256559
Actinia mediterranea	Actinia_mediterranea	AMEDI	Cnidaria	Hexacorallia	Actiniaria	Actiniidae	Actinia	Actinia mediterranea	1960102	854459	7469713
Actinia tenebrosa	Actinia_tenebrosa	ATENE	Cnidaria	Hexacorallia	Actiniaria	Actiniidae	Actinia	Actinia tenebrosa	6105	283309	8061655
Anthopleura xanthogrammica	Anthopleura_xanthogrammica	AXANT	Cnidaria	Hexacorallia	Actiniaria	Actiniidae	Anthopleura	Anthopleura xanthogrammica	6112	283377	2256852
Condylactis gigantea	Condylactis_gigantea	CGIGA	Cnidaria	Hexacorallia	Actiniaria	Actiniidae	Condylactis	Condylactis gigantea	47073	283419	2256741
Paracondylactis sinensis	Paracondylactis_sinensis	PSINE1	Cnidaria	Hexacorallia	Actiniaria	Actiniidae	Paracondylactis	Paracondylactis sinensis	3024564	290630	4283495
Actinoscyphia liui	Actinoscyphia_liui	ALIUI	Cnidaria	Hexacorallia	Actiniaria	Actinoscyphiidae	Actinoscyphia	Actinoscyphia liui	2928332	-	-
Alvinactis idsseensis sp. nov.	Alvinactis_idsseensis_sp._Nov.	AIDSS	Cnidaria	Hexacorallia	Actiniaria	Actinoscyphiidae	Alvinactis	Alvinactis idsseensis sp. nov.	-	1831282	-
Actinostola sp. cb2023	Actinostola_sp._cb2023	ASP2	Cnidaria	Hexacorallia	Actiniaria	Actinostolidae	Actinostola	Actinostola sp. cb2023	3060491	-	-
Exaiptasia diaphana	Exaiptasia_diaphana	EDIAP	Cnidaria	Hexacorallia	Actiniaria	Aiptasiidae	Exaiptasia	Exaiptasia diaphana	2652724	1264073	10638056
Diadumene lineata	Diadumene_lineata	DLINE	Cnidaria	Hexacorallia	Actiniaria	Diadumenidae	Diadumene	Diadumene lineata	1789172	395099	4283395
Edwardsia elegans	Edwardsia_elegans	EELEG	Cnidaria	Hexacorallia	Actiniaria	Edwardsiidae	Edwardsia	Edwardsia elegans	132404	158235	5184030
Nematostella vectensis	Nematostella_vectensis	NVECT	Cnidaria	Hexacorallia	Actiniaria	Edwardsiidae	Nematostella	Nematostella vectensis	45351	100906	2255972
Scolanthus callimorphus	Scolanthus_callimorphus	SCALL	Cnidaria	Hexacorallia	Actiniaria	Edwardsiidae	Scolanthus	Scolanthus callimorphus	2072708	100910	2256007
Paraphelliactis xishaensis sp. nov.	Paraphelliactis_xishaensis_sp._nov.	PXISH	Cnidaria	Hexacorallia	Actiniaria	Hormathiidae	Paraphelliactis	Paraphelliactis xishaensis sp. nov.	-	1740111	-
Telmatactis stephensoni	Telmatactis_stephensoni	TSTEP	Cnidaria	Hexacorallia	Actiniaria	Isophelliidae	Telmatactis	Telmatactis stephensoni	2835637	283692	2255797
Metridium senile	Metridium_senile	MSENI	Cnidaria	Hexacorallia	Actiniaria	Metridiidae	Metridium	Metridium senile	6116	100982	5183974
Plumapathes pennacea	Plumapathes_pennacea	PPENN	Cnidaria	Hexacorallia	Antipatharia	Myriopathidae	Plumapathes	Plumapathes pennacea	1350358	290831	2258471
Rhodactis osculifera	Rhodactis_osculifera	ROSCU	Cnidaria	Hexacorallia	Corallimorpharia	Discosomidae	Rhodactis	Rhodactis osculifera	2751898	456765	6472327
Ricordea florida	Ricordea_florida	RFLOR	Cnidaria	Hexacorallia	Corallimorpharia	Ricordeidae	Ricordea	Ricordea florida	165100	290995	2260685
Acropora acuminata	Acropora_acuminata	AACUM	Cnidaria	Hexacorallia	Scleractinia	Acroporidae	Acropora	Acropora acuminata	367763	207020	5184609
Acropora austera	Acropora_austera	AAUST	Cnidaria	Hexacorallia	Scleractinia	Acroporidae	Acropora	Acropora austera	117779	207052	2259876
Acropora awi	Acropora_awi	AAWI	Cnidaria	Hexacorallia	Scleractinia	Acroporidae	Acropora	Acropora awi	1929007	288185	5184662
Acropora cervicornis	Acropora_cervicornis	ACERV	Cnidaria	Hexacorallia	Scleractinia	Acroporidae	Acropora	Acropora cervicornis	6130	206989	5184681
Acropora cytherea	Acropora_cytherea	ACYTH	Cnidaria	Hexacorallia	Scleractinia	Acroporidae	Acropora	Acropora cytherea	46686	207095	5184592
Acropora digitifera	Acropora_digitifera	ADIGI	Cnidaria	Hexacorallia	Scleractinia	Acroporidae	Acropora	Acropora digitifera	70779	207045	2259883
Acropora echinata	Acropora_echinata	AECHI	Cnidaria	Hexacorallia	Scleractinia	Acroporidae	Acropora	Acropora echinata	513064	207069	5184635
Acropora florida	Acropora_florida	AFLOR	Cnidaria	Hexacorallia	Scleractinia	Acroporidae	Acropora	Acropora florida	70782	207058	5184677
Acropora gemmifera	Acropora_gemmifera	AGEMM	Cnidaria	Hexacorallia	Scleractinia	Acroporidae	Acropora	Acropora gemmifera	70780	207097	5184654
Acropora hemprichii	Acropora_hemprichii	AHEMP	Cnidaria	Hexacorallia	Scleractinia	Acroporidae	Acropora	Acropora hemprichii	213635	288207	5184577
Acropora hyacinthus	Acropora_hyacinthus	AHYAC	Cnidaria	Hexacorallia	Scleractinia	Acroporidae	Acropora	Acropora hyacinthus	55974	207044	5184675
Acropora intermedia	Acropora_intermedia	AINTE	Cnidaria	Hexacorallia	Scleractinia	Acroporidae	Acropora	Acropora intermedia	114500	207035	5184622
Acropora loripes	Acropora_loripes	ALORI	Cnidaria	Hexacorallia	Scleractinia	Acroporidae	Acropora	Acropora loripes	154029	207074	5184619
Acropora microphthalma	Acropora_microphthalma	AMICR	Cnidaria	Hexacorallia	Scleractinia	Acroporidae	Acropora	Acropora microphthalma	156436	207046	5184682
Acropora millepora	Acropora_millepora	AMILL	Cnidaria	Hexacorallia	Scleractinia	Acroporidae	Acropora	Acropora millepora	45264	207023	5184672
Acropora muricata	Acropora_muricata	AMURI	Cnidaria	Hexacorallia	Scleractinia	Acroporidae	Acropora	Acropora muricata	159855	207007	9779504
Acropora nasuta	Acropora_nasuta	ANASU	Cnidaria	Hexacorallia	Scleractinia	Acroporidae	Acropora	Acropora nasuta	70778	207009	5184593
Acropora palmata	Acropora_palmata	APALM	Cnidaria	Hexacorallia	Scleractinia	Acroporidae	Acropora	Acropora palmata	6131	288227	5184657
Acropora pulchra	Acropora_pulchra	APULC	Cnidaria	Hexacorallia	Scleractinia	Acroporidae	Acropora	Acropora pulchra	140239	207015	5184602
Acropora selago	Acropora_selago	ASELA	Cnidaria	Hexacorallia	Scleractinia	Acroporidae	Acropora	Acropora selago	165727	207040	5184708
Acropora spathulata	Acropora_spathulata	ASPAT	Cnidaria	Hexacorallia	Scleractinia	Acroporidae	Acropora	Acropora spathulata	141011	430654	5784806
Acropora tenuis	Acropora_tenuis	ATENU	Cnidaria	Hexacorallia	Scleractinia	Acroporidae	Acropora	Acropora tenuis	70783	207105	5184694
Acropora yongei	Acropora_yongei	AYONG	Cnidaria	Hexacorallia	Scleractinia	Acroporidae	Acropora	Acropora yongei	117778	207032	5184658
Astreopora myriophthalma	Astreopora_myriophthalma	AMYRI	Cnidaria	Hexacorallia	Scleractinia	Acroporidae	Astreopora	Astreopora myriophthalma	102202	207128	5184565
Aurelia coerulea	Aurelia_coerulea	ACOER	Cnidaria	Scyphozoa	Semaeostomeae	Ulmaridae	Aurelia	Aurelia coerulea	1962980	292506	5185431
Montipora cactus	Montipora_cactus	MCACT	Cnidaria	Hexacorallia	Scleractinia	Acroporidae	Montipora	Montipora cactus	246299	287694	2259930
Montipora capitata	Montipora_capitata	MCAPI	Cnidaria	Hexacorallia	Scleractinia	Acroporidae	Montipora	Montipora capitata	46704	287697	2259958
Montipora capricornis	Montipora_capricornis	MCAPR	Cnidaria	Hexacorallia	Scleractinia	Acroporidae	Montipora	Montipora capricornis	246305	287698	2259946
Montipora efflorescens	Montipora_efflorescens	MEFFL	Cnidaria	Hexacorallia	Scleractinia	Acroporidae	Montipora	Montipora efflorescens	105610	207163	2259943
Montipora foliosa	Montipora_foliosa	MFOLI	Cnidaria	Hexacorallia	Scleractinia	Acroporidae	Montipora	Montipora foliosa	591990	207182	2259959
Montipora grisea	Montipora_grisea	MGRIS	Cnidaria	Hexacorallia	Scleractinia	Acroporidae	Montipora	Montipora grisea	1054303	287709	2259963
Aurelia sp. 4 Dawson et al 2005	Aurelia_sp._4_Dawson_et_al_2005	ASP3	Cnidaria	Scyphozoa	Semaeostomeae	Ulmaridae	Aurelia	Aurelia sp. 4 Dawson et al 2005	2790877	-	-
Leptoseris scabra	Leptoseris_scabra	LSCAB	Cnidaria	Hexacorallia	Scleractinia	Agariciidae	Leptoseris	Leptoseris scabra	1387075	207282	5184808
Pachyseris speciosa	Pachyseris_speciosa	PSPEC	Cnidaria	Hexacorallia	Scleractinia	Agariciidae	Pachyseris	Pachyseris speciosa	497657	207293	2260496
Stephanocoenia intersepta	Stephanocoenia_intersepta	SINTE	Cnidaria	Hexacorallia	Scleractinia	Astrocoeniidae	Stephanocoenia	Stephanocoenia intersepta	504342	291119	2259444
Catalaphyllia jardinei	Catalaphyllia_jardinei	CJARD	Cnidaria	Hexacorallia	Scleractinia	Caryophylliidae	Catalaphyllia	Catalaphyllia jardinei	46748	207618	2259226
Desmophyllum pertusum	Desmophyllum_pertusum	DPERT	Cnidaria	Hexacorallia	Scleractinia	Caryophylliidae	Desmophyllum	Desmophyllum pertusum	174260	1245747	9783587
Fimbriaphyllia ancora	Fimbriaphyllia_ancora	FANCO	Cnidaria	Hexacorallia	Scleractinia	Caryophylliidae	Fimbriaphyllia	Fimbriaphyllia ancora	46750	1048073	7014536
Lophelia pertusa	Lophelia_pertusa	LPERT	Cnidaria	Hexacorallia	Scleractinia	Caryophylliidae	Desmophyllum	Lophelia pertusa	174260	135161	2259224
Cladopsammia gracilis	Cladopsammia_gracilis	CGRAC2	Cnidaria	Hexacorallia	Scleractinia	Dendrophylliidae	Cladopsammia	Cladopsammia gracilis	388437	286958	2259584
Dendrophyllia cribrosa	Dendrophyllia_cribrosa	DCRIB	Cnidaria	Hexacorallia	Scleractinia	Dendrophylliidae	Dendrophyllia	Dendrophyllia cribrosa	1140371	286969	2259681
Duncanopsammia axifuga	Duncanopsammia_axifuga	DAXIF	Cnidaria	Hexacorallia	Scleractinia	Dendrophylliidae	Duncanopsammia	Duncanopsammia axifuga	1479653	289843	2259554
Tubastraea coccinea	Tubastraea_coccinea	TCOCC	Cnidaria	Hexacorallia	Scleractinia	Dendrophylliidae	Tubastraea	Tubastraea coccinea	46700	291251	2259549
Turbinaria reniformis	Turbinaria_reniformis	TRENI	Cnidaria	Hexacorallia	Scleractinia	Dendrophylliidae	Turbinaria	Turbinaria reniformis	1381352	207507	5184556
Galaxea fascicularis	Galaxea_fascicularis	GFASC	Cnidaria	Hexacorallia	Scleractinia	Euphylliidae	Galaxea	Galaxea fascicularis	46745	207366	2260570
Podabacia crustacea	Podabacia_crustacea	PCRUS	Cnidaria	Hexacorallia	Scleractinia	Fungiidae	Podabacia	Podabacia crustacea	371664	207364	2260634
Micromussa lordhowensis	Micromussa_lordhowensis	MLORD	Cnidaria	Hexacorallia	Scleractinia	Lobophylliidae	Micromussa	Micromussa lordhowensis	1216036	886929	8965841
Dendrogyra cylindrus	Dendrogyra_cylindrus	DCYLI	Cnidaria	Hexacorallia	Scleractinia	Meandrinidae	Dendrogyra	Dendrogyra cylindrus	214965	418865	4944083
Meandrina meandrites	Meandrina_meandrites	MMEAN	Cnidaria	Hexacorallia	Scleractinia	Meandrinidae	Meandrina	Meandrina meandrites	51056	289232	2259752
Cyphastrea salae	Cyphastrea_salae	CSALA	Cnidaria	Hexacorallia	Scleractinia	Merulinidae	Cyphastrea	Cyphastrea salae	1967629	987119	9284991
Echinopora horrida	Echinopora_horrida	EHORR	Cnidaria	Hexacorallia	Scleractinia	Merulinidae	Echinopora	Echinopora horrida	983564	288342	5184716
Orbicella faveolata	Orbicella_faveolata	OFAVE	Cnidaria	Hexacorallia	Scleractinia	Merulinidae	Orbicella	Orbicella faveolata	48498	758261	8279523
Orbicella franksi	Orbicella_franksi	OFRAN	Cnidaria	Hexacorallia	Scleractinia	Merulinidae	Orbicella	Orbicella franksi	48499	758262	7454567
Platygyra sinensis	Platygyra_sinensis	PSINE2	Cnidaria	Hexacorallia	Scleractinia	Merulinidae	Platygyra	Platygyra sinensis	102205	207486	5184731
Colpophyllia natans	Colpophyllia_natans	CNATA	Cnidaria	Hexacorallia	Scleractinia	Mussidae	Colpophyllia	Colpophyllia natans	242718	289697	2260043
Oculina arbuscula	Oculina_arbuscula	OARBU	Cnidaria	Hexacorallia	Scleractinia	Oculinidae	Oculina	Oculina arbuscula	1282862	287096	5184822
Oculina patagonica	Oculina_patagonica	OPATA	Cnidaria	Hexacorallia	Scleractinia	Oculinidae	Oculina	Oculina patagonica	130080	135210	5184825
Madracis auretenra	Madracis_auretenra	MAURE	Cnidaria	Hexacorallia	Scleractinia	Pocilloporidae	Madracis	Madracis auretenra	999287	430664	5784825
Madracis senaria	Madracis_senaria	MSENA	Cnidaria	Hexacorallia	Scleractinia	Pocilloporidae	Madracis	Madracis senaria	123773	287112	2259485
Pocillopora acuta	Pocillopora_acuta	PACUT	Cnidaria	Hexacorallia	Scleractinia	Pocilloporidae	Pocillopora	Pocillopora acuta	1491507	759099	7014510
Pocillopora damicornis	Pocillopora_damicornis	PDAMI	Cnidaria	Hexacorallia	Scleractinia	Pocilloporidae	Pocillopora	Pocillopora damicornis	46731	206953	2259464
Pocillopora meandrina	Pocillopora_meandrina	PMEAN	Cnidaria	Hexacorallia	Scleractinia	Pocilloporidae	Pocillopora	Pocillopora meandrina	46732	206964	2259467
Pocillopora verrucosa	Pocillopora_verrucosa	PVERR	Cnidaria	Hexacorallia	Scleractinia	Pocilloporidae	Pocillopora	Pocillopora verrucosa	203993	206954	2259459
Stylophora pistillata	Stylophora_pistillata	SPIST	Cnidaria	Hexacorallia	Scleractinia	Pocilloporidae	Stylophora	Stylophora pistillata	50429	206982	4976552
Porites australiensis	Porites_australiensis	PAUST	Cnidaria	Hexacorallia	Scleractinia	Poritidae	Porites	Porites australiensis	51061	207249	5184770
Porites compressa	Porites_compressa	PCOMP	Cnidaria	Hexacorallia	Scleractinia	Poritidae	Porites	Porites compressa	46720	207236	5184780
Porites cylindrica	Porites_cylindrica	PCYLI	Cnidaria	Hexacorallia	Scleractinia	Poritidae	Porites	Porites cylindrica	126659	207229	5184765
Porites divaricata	Porites_divaricata	PDIVA	Cnidaria	Hexacorallia	Scleractinia	Poritidae	Porites	Porites divaricata	262287	411268	5711898
Porites evermanni	Porites_evermanni	PEVER	Cnidaria	Hexacorallia	Scleractinia	Poritidae	Porites	Porites evermanni	104178	288900	5184801
Porites harrisoni	Porites_harrisoni	PHARR	Cnidaria	Hexacorallia	Scleractinia	Poritidae	Porites	Porites harrisoni	627007	288904	5184771
Porites lobata	Porites_lobata	PLOBA	Cnidaria	Hexacorallia	Scleractinia	Poritidae	Porites	Porites lobata	104759	207225	5184766
Porites lutea	Porites_lutea	PLUTE	Cnidaria	Hexacorallia	Scleractinia	Poritidae	Porites	Porites lutea	51062	207246	5184758
Porites rus	Porites_rus	PRUS	Cnidaria	Hexacorallia	Scleractinia	Poritidae	Porites	Porites rus	262591	207231	5184764
Astrangia poculata	Astrangia_poculata	APOCU	Cnidaria	Hexacorallia	Scleractinia	Rhizangiidae	Astrangia	Astrangia poculata	165419	157967	2259412
Siderastrea radians	Siderastrea_radians	SRADI	Cnidaria	Hexacorallia	Scleractinia	Siderastreidae	Siderastrea	Siderastrea radians	214988	207517	2258898
Siderastrea siderea	Siderastrea_siderea	SSIDE	Cnidaria	Hexacorallia	Scleractinia	Siderastreidae	Siderastrea	Siderastrea siderea	130672	207516	2258895
Blastomussa wellsi	Blastomussa_wellsi	BWELL	Cnidaria	Hexacorallia	Scleractinia		Blastomussa	Blastomussa wellsi	419443	207386	2260362
Palythoa mizigama	Palythoa_mizigama	PMIZI	Cnidaria	Hexacorallia	Zoantharia	Sphenopidae	Palythoa	Palythoa mizigama	1565478	834763	7426787
Palythoa umbrosa	Palythoa_umbrosa	PUMBR	Cnidaria	Hexacorallia	Zoantharia	Sphenopidae	Palythoa	Palythoa umbrosa	1565477	834764	7517757
Bougainvillia cf. muscus	Bougainvillia_cf._muscus	BCFM	Cnidaria	Hydrozoa	Anthoathecata	Bougainvilliidae	Bougainvillia	Bougainvillia cf. muscus	3162966	-	-
Candelabrum cocksii	Candelabrum_cocksii	CCOCK	Cnidaria	Hydrozoa	Anthoathecata	Candelabridae	Candelabrum	Candelabrum cocksii	264050	117417	5185663
Hydractinia echinata	Hydractinia_echinata	HECHI	Cnidaria	Hydrozoa	Anthoathecata	Hydractiniidae	Hydractinia	Hydractinia echinata	35630	117644	2265871
Hydractinia symbiolongicarpus	Hydractinia_symbiolongicarpus	HSYMB	Cnidaria	Hydrozoa	Anthoathecata	Hydractiniidae	Hydractinia	Hydractinia symbiolongicarpus	13093	284904	2265895
Hydra oligactis	Hydra_oligactis	HOLIG	Cnidaria	Hydrozoa	Anthoathecata	Hydridae	Hydra	Hydra oligactis	6088	290145	5185751
Hydra viridissima	Hydra_viridissima	HVIRI	Cnidaria	Hydrozoa	Anthoathecata	Hydridae	Hydra	Hydra viridissima	6082	290156	5185758
Hydra vulgaris	Hydra_vulgaris	HVULG	Cnidaria	Hydrozoa	Anthoathecata	Hydridae	Hydra	Hydra vulgaris	6087	290157	5185782
Millepora alcicornis	Millepora_alcicornis	MALCI	Cnidaria	Hydrozoa	Anthoathecata	Milleporidae	Millepora	Millepora alcicornis	544493	210726	2265089
Millepora complanata	Millepora_complanata	MCOMP	Cnidaria	Hydrozoa	Anthoathecata	Milleporidae	Millepora	Millepora complanata	544496	287421	2265096
Millepora dichotoma	Millepora_dichotoma	MDICH	Cnidaria	Hydrozoa	Anthoathecata	Milleporidae	Millepora	Millepora dichotoma	544484	210733	2265083
Turritopsis dohrnii	Turritopsis_dohrnii	TDOHR	Cnidaria	Hydrozoa	Anthoathecata	Oceaniidae	Turritopsis	Turritopsis dohrnii	308579	151801	2266021
Turritopsis rubra	Turritopsis_rubra	TRUBR	Cnidaria	Hydrozoa	Anthoathecata	Oceaniidae	Turritopsis	Turritopsis rubra	367916	284469	2266019
Clytia hemisphaerica	Clytia_hemisphaerica	CHEMI	Cnidaria	Hydrozoa	Leptothecata	Clytiidae	Clytia	Clytia hemisphaerica	252671	117368	2268193
Nanomia septata	Nanomia_septata	NSEPT	Cnidaria	Hydrozoa	Siphonophorae	Agalmatidae	Nanomia	Nanomia septata	3117660	1775295	-
Henneguya salminicola	Henneguya_salminicola	HSALM	Cnidaria	Myxozoa	Bivalvulida	Myxobolidae	Henneguya	Henneguya salminicola	69463	1348540	6881057
Myxobolus honghuensis	Myxobolus_honghuensis	MHONG	Cnidaria	Myxozoa	Bivalvulida	Myxobolidae	Myxobolus	Myxobolus honghuensis	1085956	1715369	-
Myxobolus squamalis	Myxobolus_squamalis	MSQUA	Cnidaria	Myxozoa	Bivalvulida	Myxobolidae	Myxobolus	Myxobolus squamalis	59785	1390547	6881426
Thelohanellus kitauei	Thelohanellus_kitauei	TKITA	Cnidaria	Myxozoa	Bivalvulida	Myxobolidae	Thelohanellus	Thelohanellus kitauei	669202	1435573	10674300
Trachythela sp. YZ-2020	Trachythela_sp._YZ_2020	TSP	Cnidaria	Octocorallia	Malacalcyonacea	Clavulariidae	Trachythela	Trachythela sp. YZ-2020	2770514	-	-
Eunicella cavolini	Eunicella_cavolini	ECAVO	Cnidaria	Octocorallia	Malacalcyonacea	Eunicellidae	Eunicella	Eunicella cavolini	317547	125361	2263962
Eunicella verrucosa	Eunicella_verrucosa	EVERR	Cnidaria	Octocorallia	Malacalcyonacea	Eunicellidae	Eunicella	Eunicella verrucosa	396355	125366	2263967
Antillogorgia americana	Antillogorgia_americana	AAMER	Cnidaria	Octocorallia	Malacalcyonacea	Gorgoniidae	Antillogorgia	Antillogorgia americana	204378	708859	7962921
Leptogorgia sarmentosa	Leptogorgia_sarmentosa	LSARM	Cnidaria	Octocorallia	Malacalcyonacea	Gorgoniidae	Leptogorgia	Leptogorgia sarmentosa	1502934	125369	2264082
Dendronephthya gigantea	Dendronephthya_gigantea	DGIGA	Cnidaria	Octocorallia	Malacalcyonacea	Nephtheidae	Dendronephthya	Dendronephthya gigantea	151771	289020	2263427
Muricea muricata	Muricea_muricata	MMURI	Cnidaria	Octocorallia	Malacalcyonacea	Plexauridae	Muricea	Muricea muricata	204328	287569	2260946
Paramuricea clavata	Paramuricea_clavata	PCLAV	Cnidaria	Octocorallia	Malacalcyonacea	Plexauridae	Paramuricea	Paramuricea clavata	317549	125387	2261251
Xenia sp. Carnegie-2017	Xenia_sp._Carnegie_2017	XSP	Cnidaria	Octocorallia	Malacalcyonacea	Xeniidae	Xenia	Xenia sp. Carnegie-2017	2897299	-	-
Chrysogorgia sp. JL179-B06	Chrysogorgia_sp._JL179_B06	CSP1	Cnidaria	Octocorallia	Scleralcyonacea	Chrysogorgiidae	Chrysogorgia	Chrysogorgia sp. JL179-B06	3074863	-	-
Hemicorallium imperiale	Hemicorallium_imperiale	HIMPE	Cnidaria	Octocorallia	Scleralcyonacea	Coralliidae	Hemicorallium	Hemicorallium imperiale	1825785	1311251	10372821
Paragorgia papillata	Paragorgia_papillata	PPAPI	Cnidaria	Octocorallia	Scleralcyonacea	Coralliidae	Paragorgia	Paragorgia papillata	2918053	1545268	11597451
Heliopora coerulea	Heliopora_coerulea	HCOER	Cnidaria	Octocorallia	Scleralcyonacea	Helioporidae	Heliopora	Heliopora coerulea	86515	210725	2264328
Pteroeides griseum	Pteroeides_griseum	PGRIS	Cnidaria	Octocorallia	Scleralcyonacea	Pennatulidae	Pteroeides	Pteroeides griseum	2759737	181504	10948781
Callogorgia gracilis	Callogorgia_gracilis	CGRAC1	Cnidaria	Octocorallia	Scleralcyonacea	Primnoidae	Callogorgia	Callogorgia gracilis	1309697	286489	2261968
Cassiopea sp. PORT0000214	Cassiopea_sp._PORT0000214	CSP2	Cnidaria	Scyphozoa	Rhizostomeae	Cassiopeidae	Cassiopea	Cassiopea sp. PORT0000214	3146530	-	-
Cassiopea xamachana	Cassiopea_xamachana	CXAMA	Cnidaria	Scyphozoa	Rhizostomeae	Cassiopeidae	Cassiopea	Cassiopea xamachana	12993	287172	2264599
Catostylus mosaicus	Catostylus_mosaicus	CMOSA	Cnidaria	Scyphozoa	Rhizostomeae	Catostylidae	Catostylus	Catostylus mosaicus	237413	220491	2264506
Mastigias papua	Mastigias_papua	MPAPU	Cnidaria	Scyphozoa	Rhizostomeae	Mastigiidae	Mastigias	Mastigias papua	596313	220485	2264545
Nemopilema nomurai	Nemopilema_nomurai	NNOMU	Cnidaria	Scyphozoa	Rhizostomeae	Rhizostomatidae	Nemopilema	Nemopilema nomurai	321803	290453	2264583
Rhopilema esculentum	Rhopilema_esculentum	RESCU	Cnidaria	Scyphozoa	Rhizostomeae	Rhizostomatidae	Rhopilema	Rhopilema esculentum	499914	287187	2264595
Chrysaora quinquecirrha	Chrysaora_quinquecirrha	CQUIN	Cnidaria	Scyphozoa	Semaeostomeae	Pelagiidae	Chrysaora	Chrysaora quinquecirrha	6148	220476	5185413
Pelagia noctiluca	Pelagia_noctiluca	PNOCT	Cnidaria	Scyphozoa	Semaeostomeae	Pelagiidae	Pelagia	Pelagia noctiluca	400838	135305	2264423
Sanderia malayensis	Sanderia_malayensis	SMALA	Cnidaria	Scyphozoa	Semaeostomeae	Pelagiidae	Sanderia	Sanderia malayensis	128131	220478	2264420
Aurelia aurita	Aurelia_aurita	AAURI1	Cnidaria	Scyphozoa	Semaeostomeae	Ulmaridae	Aurelia	Aurelia aurita	6145	135306	2264442
Aurelia aurita complex sp. Pacific	Aurelia_aurita_complex_sp._Pacific	AAURI2	Cnidaria	Scyphozoa	Semaeostomeae	Ulmaridae	Aurelia	Aurelia aurita complex sp. Pacific	2496131	-	-
Haliclystus octoradiatus	Haliclystus_octoradiatus	HOCTO	Cnidaria	Staurozoa	Stauromedusae	Haliclystidae	Haliclystus	Haliclystus octoradiatus	313498	135323	2264663
Calvadosia cruxmelitensis	Calvadosia_cruxmelitensis	CCRUX	Cnidaria	Staurozoa	Stauromedusae	Kishinouyeidae	Calvadosia	Calvadosia cruxmelitensis	1843192	886195	8834076
Acropora cf. manni	Acropora_cf_manni	Acropora_cf_manni	Cnidaria	Hexacorallia	Scleractinia	Acroporidae	Acropora	Acropora cf. manni	3471590	-	-
Acropora glauca	Acropora_glauca	Acropora_glauca	Cnidaria	Hexacorallia	Scleractinia	Acroporidae	Acropora	Acropora glauca	1869258	207017	5184633
Acropora spicifera	Acropora_spicifera	Acropora_spicifera	Cnidaria	Hexacorallia	Scleractinia	Acroporidae	Acropora	Acropora spicifera	191023	207087	5184664
Actinodendron alcyonoideum	Actinodendron_alcyonoideum	Actinodendron_alcyonoideum	Cnidaria	Hexacorallia	Actiniaria	Actinodendridae	Actinodendron	Actinodendron alcyonoideum	3229076	592924	5184298
Actinodendron arboreum	Actinodendron_arboreum	Actinodendron_arboreum	Cnidaria	Hexacorallia	Actiniaria	Actinodendridae	Actinodendron	Actinodendron arboreum	3024562	289346	5184302
Actinoscyphia sp. m1220	Actinoscyphia_sp_m1220	Actinoscyphia_sp_m1220	Cnidaria	Hexacorallia	Actiniaria	Actinoscyphiidae	Actinoscyphia	Actinoscyphia sp. m1220	2928332	-	-
Actinostella flosculifera	Actinostella_flosculifera	Actinostella_flosculifera	Cnidaria	Hexacorallia	Actiniaria	Actiniidae	Actinostella	Actinostella flosculifera	3034631	289355	2256709
Aegina citrea	Aegina_citrea	Aegina_citrea	Cnidaria	Hydrozoa	Narcomedusae	Aeginidae	Aegina	Aegina citrea	168710	117263	5186354
Aequorea victoria	Aequorea_victoria	Aequorea_victoria	Cnidaria	Hydrozoa	Leptothecata	Aequoreidae	Aequorea	Aequorea victoria	6100	283998	2267514
Agaricia agaricites	Agaricia_agaricites	Agaricia_agaricites	Cnidaria	Hexacorallia	Scleractinia	Agariciidae	Agaricia	Agaricia agaricites	89882	287911	2260503
Agaricia lamarcki	Agaricia_lamarcki	Agaricia_lamarcki	Cnidaria	Hexacorallia	Scleractinia	Agariciidae	Agaricia	Agaricia lamarcki	262284	287915	2260504
Aglantha digitale	Aglantha_digitale	Aglantha_digitale	Cnidaria	Hydrozoa	Trachymedusae	Rhopalonematidae	Aglantha	Aglantha digitale	56245	117849	2269484
Alatinidae sp. Z8VKAUB7J3	Alatinidae_sp_Z8VKAUB7J3	Alatinidae_sp_Z8VKAUB7J3	Cnidaria	Cubozoa	Carybdeida	Alatinidae	unclassified Alatinidae	Alatinidae sp. Z8VKAUB7J3	2292721	-	-
Anemonia sulcata	Anemonia_sulcata	Anemonia_sulcata	Cnidaria	Hexacorallia	Actiniaria	Actiniidae	Anemonia	Anemonia sulcata	6108	231858	2256631
Anemonia viridis	Anemonia_viridis	Anemonia_viridis	Cnidaria	Hexacorallia	Actiniaria	Actiniidae	Anemonia	Anemonia viridis	51769	100808	2256644
Anthopleura artemisia	Anthopleura_artemisia	Anthopleura_artemisia	Cnidaria	Hexacorallia	Actiniaria	Actiniidae	Anthopleura	Anthopleura artemisia	160216	283337	2256847
Anthopleura elegantissima	Anthopleura_elegantissima	Anthopleura_elegantissima	Cnidaria	Hexacorallia	Actiniaria	Actiniidae	Anthopleura	Anthopleura elegantissima	6110	283347	2256826
Anthopleura sola	Anthopleura_sola	Anthopleura_sola	Cnidaria	Hexacorallia	Actiniaria	Actiniidae	Anthopleura	Anthopleura sola	160748	240753	2256825
Antipathes furcata	Antipathes_furcata	Antipathes_furcata	Cnidaria	Hexacorallia	Antipatharia	Antipathidae	Antipathes	Antipathes furcata	795029	103312	2258241
Antipathozoanthus obscurus	Antipathozoanthus_obscurus	Antipathozoanthus_obscurus	Cnidaria	Hexacorallia	Zoantharia	Parazoanthidae	Antipathozoanthus	Antipathozoanthus obscurus	2073167	1054035	9583327
Antipathozoanthus remengesaui	Antipathozoanthus_remengesaui	Antipathozoanthus_remengesaui	Cnidaria	Hexacorallia	Zoantharia	Parazoanthidae	Antipathozoanthus	Antipathozoanthus remengesaui	2073168	1054036	9273988
Aulactinia verrucosa	Aulactinia_verrucosa	Aulactinia_verrucosa	Cnidaria	Hexacorallia	Actiniaria	Actiniidae	Aulactinia	Aulactinia verrucosa	200527	100815	4283459
Aurelia sp. 3 sensu Dawson et al. (2005)	Aurelia_sp_3_sensu	Aurelia_sp_3_sensu	Cnidaria	Scyphozoa	Semaeostomeae	Ulmaridae	Aurelia	Aurelia sp. 3 sensu Dawson et al. (2005)	237398	-	-
Bergia puertoricense	Bergia_puertoricense	Bergia_puertoricense	Cnidaria	Hexacorallia	Zoantharia	Parazoanthidae	Bergia	Bergia puertoricense	2608285	853593	8290287
Bergia sp. 'catenularis'	Bergia_sp_catenularis	Bergia_sp_catenularis	Cnidaria	Hexacorallia	Zoantharia	Parazoanthidae	Bergia	Bergia sp. 'catenularis'	2608284	-	-
Bougainvillia muscus	Bougainvillia_muscus	Bougainvillia_muscus	Cnidaria	Hydrozoa	Anthoathecata	Bougainvilliidae	Bougainvillia	Bougainvillia muscus	308567	117328	2266586
Briareum asbestinum	Briareum_asbestinum	Briareum_asbestinum	Cnidaria	Octocorallia	Scleralcyonacea	Briareidae	Briareum	Briareum asbestinum	86543	289534	2261417
Bunodosoma granuliferum	Bunodosoma_granuliferum	Bunodosoma_granuliferum	Cnidaria	Hexacorallia	Actiniaria	Actiniidae	Bunodosoma	Bunodosoma granuliferum	31164	592948	2256512
Bythotiara depressa	Bythotiara_depressa	Bythotiara_depressa	Cnidaria	Hydrozoa	Anthoathecata	Bythotiaridae	Bythotiara	Bythotiara depressa	500004	284292	2265218
Calliactis parasitica	Calliactis_parasitica	Calliactis_parasitica	Cnidaria	Hexacorallia	Actiniaria	Hormathiidae	Calliactis	Calliactis parasitica	6114	100946	2257373
Carybdea cf. marsupialis auct. non (Linnaeus, 1758)	Carybdea_cf_marsupialis	Carybdea_cf_marsupialis	Cnidaria	Cubozoa	Carybdeida	Carybdeidae	Carybdea	Carybdea cf. marsupialis auct. non (Linnaeus, 1758)	686687	-	-
Cassiopea andromeda	Cassiopea_andromeda	Cassiopea_andromeda	Cnidaria	Scyphozoa	Rhizostomeae	Cassiopeidae	Cassiopea	Cassiopea andromeda	114796	135295	2264603
Cassiopea ornata	Cassiopea_ornata	Cassiopea_ornata	Cnidaria	Scyphozoa	Rhizostomeae	Cassiopeidae	Cassiopea	Cassiopea ornata	880217	287170	2264607
Catablema vesicarium	Catablema_vesicarium	Catablema_vesicarium	Cnidaria	Hydrozoa	Anthoathecata	Pandeidae	Catablema	Catablema vesicarium	1732519	117784	2266340
Caulastraea furcata	Caulastraea_furcata	Caulastraea_furcata	Cnidaria	Hexacorallia	Scleractinia	Merulinidae	Caulastraea	Caulastraea furcata	46696	289577	2260169
Cavernularia obesa	Cavernularia_obesa	Cavernularia_obesa	Cnidaria	Octocorallia	Scleralcyonacea	Veretillidae	Cavernularia	Cavernularia obesa	1226274	286683	5184436
Ceratomyxa sp. 57-BR2022	Ceratomyxa_sp_57_BR2022	Ceratomyxa_sp_57_BR2022	Cnidaria	Myxozoa	Bivalvulida	Ceratomyxidae	Ceratomyxa	Ceratomyxa sp. 57-BR2022	3149004	-	-
Ceratomyxa sp. 58-BR2022	Ceratomyxa_sp_58_BR2022	Ceratomyxa_sp_58_BR2022	Cnidaria	Myxozoa	Bivalvulida	Ceratomyxidae	Ceratomyxa	Ceratomyxa sp. 58-BR2022	3149005	-	-
Ceratonova shasta	Ceratonova_shasta	Ceratonova_shasta	Cnidaria	Myxozoa	Bivalvulida	Ceratomyxidae	Ceratonova	Ceratonova shasta	60662	990442	9243594
Chironex yamaguchii	Chironex_yamaguchii	Chironex_yamaguchii	Cnidaria	Cubozoa	Chirodropida	Chirodropidae	Chironex	Chironex yamaguchii	672230	395227	4340380
Chrysaora achlyos	Chrysaora_achlyos	Chrysaora_achlyos	Cnidaria	Scyphozoa	Semaeostomeae	Pelagiidae	Chrysaora	Chrysaora achlyos	2039479	287202	5185418
Chrysaora chesapeakei	Chrysaora_chesapeakei	Chrysaora_chesapeakei	Cnidaria	Scyphozoa	Semaeostomeae	Pelagiidae	Chrysaora	Chrysaora chesapeakei	2039481	1039867	9552507
Chrysaora fuscescens	Chrysaora_fuscescens	Chrysaora_fuscescens	Cnidaria	Scyphozoa	Semaeostomeae	Pelagiidae	Chrysaora	Chrysaora fuscescens	880219	287206	5185415
Churabana kuroshioae	Churabana_kuroshioae	Churabana_kuroshioae	Cnidaria	Hexacorallia	Zoantharia	Parazoanthidae	Churabana	Churabana kuroshioae	2840133	1591951	11470216
Cladocora caespitosa	Cladocora_caespitosa	Cladocora_caespitosa	Cnidaria	Hexacorallia	Scleractinia		Cladocora	Cladocora caespitosa	130055	135146	2258965
Cladonema pacificum	Cladonema_pacificum	Cladonema_pacificum	Cnidaria	Hydrozoa	Anthoathecata	Cladonematidae	Cladonema	Cladonema pacificum	499903	284446	5711803
Cladonema radiatum	Cladonema_radiatum	Cladonema_radiatum	Cnidaria	Hydrozoa	Anthoathecata	Cladonematidae	Cladonema	Cladonema radiatum	264074	117425	5185725
Corallium rubrum	Corallium_rubrum	Corallium_rubrum	Cnidaria	Octocorallia	Scleralcyonacea	Coralliidae	Corallium	Corallium rubrum	142104	125416	5185014
Craspedacusta sowerbii	Craspedacusta_sowerbii	Craspedacusta_sowerbii	Cnidaria	Hydrozoa	Limnomedusae	Olindiidae	Craspedacusta	Craspedacusta sowerbii	128124	117767	4408321
Cryptodendrum adhaesivum	Cryptodendrum_adhaesivum	Cryptodendrum_adhaesivum	Cnidaria	Hexacorallia	Actiniaria	Thalassianthidae	Cryptodendrum	Cryptodendrum adhaesivum	659513	289169	2257667
Diadumene cincta	Diadumene_cincta	Diadumene_cincta	Cnidaria	Hexacorallia	Actiniaria	Diadumenidae	Diadumene	Diadumene cincta	478395	100872	2257924
Diadumene leucolena	Diadumene_leucolena	Diadumene_leucolena	Cnidaria	Hexacorallia	Actiniaria	Diadumenidae	Diadumene	Diadumene leucolena	1143158	158230	2257920
Dichotella gemmacea	Dichotella_gemmacea	Dichotella_gemmacea	Cnidaria	Octocorallia	Scleralcyonacea	Ellisellidae	Dichotella	Dichotella gemmacea	767270	520681	4882233
Diploria labyrinthiformis	Diploria_labyrinthiformis	Diploria_labyrinthiformis	Cnidaria	Hexacorallia	Scleractinia	Mussidae	Diploria	Diploria labyrinthiformis	242715	289826	2260167
Ellipsomyxa sp. 115-BR2022	Ellipsomyxa_sp_115_BR2022	Ellipsomyxa_sp_115_BR2022	Cnidaria	Myxozoa	Bivalvulida	Ceratomyxidae	Ellipsomyxa	Ellipsomyxa sp. 115-BR2022	3149007	-	-
Ellipsomyxa sp. 70-BR2022	Ellipsomyxa_sp_70_BR2022	Ellipsomyxa_sp_70_BR2022	Cnidaria	Myxozoa	Bivalvulida	Ceratomyxidae	Ellipsomyxa	Ellipsomyxa sp. 70-BR2022	3149008	-	-
Entacmaea quadricolor	Entacmaea_quadricolor	Entacmaea_quadricolor	Cnidaria	Hexacorallia	Actiniaria	Actiniidae	Entacmaea	Entacmaea quadricolor	6118	289898	4339208
Epizoanthus fatuus	Epizoanthus_fatuus	Epizoanthus_fatuus	Cnidaria	Hexacorallia	Zoantharia	Epizoanthidae	Epizoanthus	Epizoanthus fatuus	2840130	283853	2258069
Epizoanthus illoricatus	Epizoanthus_illoricatus	Epizoanthus_illoricatus	Cnidaria	Hexacorallia	Zoantharia	Epizoanthidae	Epizoanthus	Epizoanthus illoricatus	328561	283855	2258087
Epizoanthus planus	Epizoanthus_planus	Epizoanthus_planus	Cnidaria	Hexacorallia	Zoantharia	Epizoanthidae	Epizoanthus	Epizoanthus planus	2488326	283861	2258068
Epizoanthus ramosus	Epizoanthus_ramosus	Epizoanthus_ramosus	Cnidaria	Hexacorallia	Zoantharia	Epizoanthidae	Epizoanthus	Epizoanthus ramosus	760129	283862	2258054
Epizoanthus rinbou	Epizoanthus_rinbou	Epizoanthus_rinbou	Cnidaria	Hexacorallia	Zoantharia	Epizoanthidae	Epizoanthus	Epizoanthus rinbou	2582925	1351471	10654599
Epizoanthus scotinus	Epizoanthus_scotinus	Epizoanthus_scotinus	Cnidaria	Hexacorallia	Zoantharia	Epizoanthidae	Epizoanthus	Epizoanthus scotinus	760132	283864	2258086
Epizoanthus stellaris	Epizoanthus_stellaris	Epizoanthus_stellaris	Cnidaria	Hexacorallia	Zoantharia	Epizoanthidae	Epizoanthus	Epizoanthus stellaris	2840131	581485	6473045
Erythropodium caribaeorum	Erythropodium_caribaeorum	Erythropodium_caribaeorum	Cnidaria	Octocorallia	Malacalcyonacea	Alcyoniidae	Erythropodium	Erythropodium caribaeorum	86550	289919	2262143
Eunicea clavigera	Eunicea_clavigera	Eunicea_clavigera	Cnidaria	Octocorallia	Malacalcyonacea	Plexauridae	Eunicea	Eunicea clavigera	287901	283238	5184915
Eunicea knighti	Eunicea_knighti	Eunicea_knighti	Cnidaria	Octocorallia	Malacalcyonacea	Plexauridae	Eunicea	Eunicea knighti	204324	283249	5184890
Euphysa ruthae	Euphysa_ruthae	Euphysa_ruthae	Cnidaria	Hydrozoa	Anthoathecata	Corymorphidae	Euphysa	Euphysa ruthae	2991876	284699	2265054
Eutonina indicans	Eutonina_indicans	Eutonina_indicans	Cnidaria	Hydrozoa	Leptothecata	Eirenidae	Eutonina	Eutonina indicans	500057	117517	2268369
Fimbriaphyllia paradivisa	Fimbriaphyllia_paradivisa	Fimbriaphyllia_paradivisa	Cnidaria	Hexacorallia	Scleractinia	Caryophylliidae	Fimbriaphyllia	Fimbriaphyllia paradivisa	1768225	1048080	9373972
Gorgonia ventalina	Gorgonia_ventalina	Gorgonia_ventalina	Cnidaria	Octocorallia	Malacalcyonacea	Gorgoniidae	Gorgonia	Gorgonia ventalina	204384	290045	5185376
Haliclystus inabai	Haliclystus_inabai	Haliclystus_inabai	Cnidaria	Staurozoa	Stauromedusae	Haliclystidae	Haliclystus	Haliclystus inabai	1843197	880519	8876235
Heteractis aurora	Heteractis_aurora	Heteractis_aurora	Cnidaria	Hexacorallia	Actiniaria	Stichodactylidae	Heteractis	Heteractis aurora	478399	290088	5184187
Heteractis doreensis	Heteractis_doreensis	Heteractis_doreensis	Cnidaria	Hexacorallia	Actiniaria	Stichodactylidae	Heteractis	Heteractis doreensis	3079340	1783466	-
Heteractis magnifica	Heteractis_magnifica	Heteractis_magnifica	Cnidaria	Hexacorallia	Actiniaria	Stichodactylidae	Heteractis	Heteractis magnifica	38281	290090	5184183
Heteranthus verruculatus	Heteranthus_verruculatus	Heteranthus_verruculatus	Cnidaria	Hexacorallia	Actiniaria	Phymanthidae	Heteranthus	Heteranthus verruculatus	1326989	290093	5184190
Hydrozoanthus antumbrosus	Hydrozoanthus_antumbrosus	Hydrozoanthus_antumbrosus	Cnidaria	Hexacorallia	Zoantharia	Hydrozoanthidae	Hydrozoanthus	Hydrozoanthus antumbrosus	1285665	467545	6473079
Hydrozoanthus gracilis	Hydrozoanthus_gracilis	Hydrozoanthus_gracilis	Cnidaria	Hexacorallia	Zoantharia	Hydrozoanthidae	Hydrozoanthus	Hydrozoanthus gracilis	760133	283869	5841782
Hydrozoanthus sils	Hydrozoanthus_sils	Hydrozoanthus_sils	Cnidaria	Hexacorallia	Zoantharia	Hydrozoanthidae	Hydrozoanthus	Hydrozoanthus sils	2461342	1320743	10485562
Hydrozoanthus tunicans	Hydrozoanthus_tunicans	Hydrozoanthus_tunicans	Cnidaria	Hexacorallia	Zoantharia	Hydrozoanthidae	Hydrozoanthus	Hydrozoanthus tunicans	798146	283873	5841781
Isaurus tuberculatus	Isaurus_tuberculatus	Isaurus_tuberculatus	Cnidaria	Hexacorallia	Zoantharia	Zoanthidae	Isaurus	Isaurus tuberculatus	167633	101058	2257975
Isopora palifera	Isopora_palifera	Isopora_palifera	Cnidaria	Hexacorallia	Scleractinia	Acroporidae	Isopora	Isopora palifera	105615	730686	5784820
Kudoa iwatai	Kudoa_iwatai	Kudoa_iwatai	Cnidaria	Myxozoa	Multivalvulida	Kudoidae	Kudoa	Kudoa iwatai	269814	465181	5842052
Kudoa neothunni	Kudoa_neothunni	Kudoa_neothunni	Cnidaria	Myxozoa	Multivalvulida	Kudoidae	Kudoa	Kudoa neothunni	1134596	1039062	6880863
Kudoa sp. trachurus	Kudoa_sp_trachurus	Kudoa_sp_trachurus	Cnidaria	Myxozoa	Multivalvulida	Kudoidae	Kudoa	Kudoa sp. trachurus	3231874	-	-
Madrepora sp. 1 SH-2022	Madrepora_sp_1_SH_2022	Madrepora_sp_1_SH_2022	Cnidaria	Hexacorallia	Scleractinia	Oculinidae	Madrepora	Madrepora sp. 1 SH-2022	2982801	-	-
Madrepora sp. SY280-shi	Madrepora_sp_SY280_shi	Madrepora_sp_SY280_shi	Cnidaria	Hexacorallia	Scleractinia	Oculinidae	Madrepora	Madrepora sp. SY280-shi	3117734	-	-
Mastigias albipunctata	Mastigias_albipunctata	Mastigias_albipunctata	Cnidaria	Scyphozoa	Rhizostomeae	Mastigiidae	Mastigias	Mastigias albipunctata	3143520	288701	2264544
Metridium farcimen	Metridium_farcimen	Metridium_farcimen	Cnidaria	Hexacorallia	Actiniaria	Metridiidae	Metridium	Metridium farcimen	2760912	283704	9789416
Mitrocomella polydiademata	Mitrocomella_polydiademata	Mitrocomella_polydiademata	Cnidaria	Hydrozoa	Leptothecata	Mitrocomidae	Mitrocomella	Mitrocomella polydiademata	645398	117755	2267149
Montipora palawanensis	Montipora_palawanensis	Montipora_palawanensis	Cnidaria	Hexacorallia	Scleractinia	Acroporidae	Montipora	Montipora palawanensis	3109268	287722	2259929
Montipora sp. Colony 1 RG-2022	Montipora_sp_Colony_1_RG_2022	Montipora_sp_Colony_1_RG_2022	Cnidaria	Hexacorallia	Scleractinia	Acroporidae	Montipora	Montipora sp. Colony 1 RG-2022	2924933	-	-
Montipora sp. UDUK0000274	Montipora_sp_UDUK0000274	Montipora_sp_UDUK0000274	Cnidaria	Hexacorallia	Scleractinia	Acroporidae	Montipora	Montipora sp. UDUK0000274	3154093	-	-
Myxobolus sp. r MT-2024	Myxobolus_sp_r_MT_2024	Myxobolus_sp_r_MT_2024	Cnidaria	Myxozoa	Bivalvulida	Myxobolidae	Myxobolus	Myxobolus sp. r MT-2024	3122334	-	-
Myxosporea sp. 108-BR2022	Myxosporea_sp_108_BR2022	Myxosporea_sp_108_BR2022	Cnidaria	Myxozoa	unclassified Myxosporea			Myxosporea sp. 108-BR2022	3149006	-	-
Nanipora kamurai	Nanipora_kamurai	Nanipora_kamurai	Cnidaria	Octocorallia	Scleralcyonacea	Helioporidae	Nanipora	Nanipora kamurai	1678926	850462	7483866
Nanomia bijuga	Nanomia_bijuga	Nanomia_bijuga	Cnidaria	Hydrozoa	Siphonophorae	Agalmatidae	Nanomia	Nanomia bijuga	168759	135495	2264848
Nausithoe racemosa	Nausithoe_racemosa	Nausithoe_racemosa	Cnidaria	Scyphozoa	Coronatae	Nausithoidae	Nausithoe	Nausithoe racemosa	2976324	287161	2264354
Neoturris breviconis	Neoturris_breviconis	Neoturris_breviconis	Cnidaria	Hydrozoa	Anthoathecata	Pandeidae	Neoturris	Neoturris breviconis	502968	285143	4283229
Orbicella annularis	Orbicella_annularis	Orbicella_annularis	Cnidaria	Hexacorallia	Scleractinia	Merulinidae	Orbicella	Orbicella annularis	48500	758260	7617481
Paleozoanthus reticulatus	Paleozoanthus_reticulatus	Paleozoanthus_reticulatus	Cnidaria	Hexacorallia	Zoantharia	Epizoanthidae	Paleozoanthus	Paleozoanthus reticulatus	2723959	581563	6473078
Palythoa caribaeorum	Palythoa_caribaeorum	Palythoa_caribaeorum	Cnidaria	Hexacorallia	Zoantharia	Sphenopidae	Palythoa	Palythoa caribaeorum	134933	288456	5841759
Palythoa grandiflora	Palythoa_grandiflora	Palythoa_grandiflora	Cnidaria	Hexacorallia	Zoantharia	Sphenopidae	Palythoa	Palythoa grandiflora	1206978	582041	6473108
Palythoa grandis	Palythoa_grandis	Palythoa_grandis	Cnidaria	Hexacorallia	Zoantharia	Sphenopidae	Palythoa	Palythoa grandis	862612	288461	5711858
Palythoa heliodiscus	Palythoa_heliodiscus	Palythoa_heliodiscus	Cnidaria	Hexacorallia	Zoantharia	Sphenopidae	Palythoa	Palythoa heliodiscus	334445	582046	5841763
Palythoa mutuki	Palythoa_mutuki	Palythoa_mutuki	Cnidaria	Hexacorallia	Zoantharia	Sphenopidae	Palythoa	Palythoa mutuki	417481	288472	5819180
Paracalyptrophora sp. SY255-jin	Paracalyptrophora_sp_SY255_jin	Paracalyptrophora_sp_SY255_jin	Cnidaria	Octocorallia	Scleralcyonacea	Primnoidae	Paracalyptrophora	Paracalyptrophora sp. SY255-jin	3117736	-	-
Paramuricea biscaya	Paramuricea_biscaya	Paramuricea_biscaya	Cnidaria	Octocorallia	Malacalcyonacea	Plexauridae	Paramuricea	Paramuricea biscaya	869566	125385	2261258
Paranemonia cinerea	Paranemonia_cinerea	Paranemonia_cinerea	Cnidaria	Hexacorallia	Actiniaria	Actiniidae	Paranemonia	Paranemonia cinerea	1548796	100830	2256891
Parazoanthus atlanticus	Parazoanthus_atlanticus	Parazoanthus_atlanticus	Cnidaria	Hexacorallia	Zoantharia	Parazoanthidae	Parazoanthus	Parazoanthus atlanticus	2712102	1461570	10832752
Parazoanthus darwini	Parazoanthus_darwini	Parazoanthus_darwini	Cnidaria	Hexacorallia	Zoantharia	Parazoanthidae	Parazoanthus	Parazoanthus darwini	513426	467544	6103199
Parazoanthus swiftii	Parazoanthus_swiftii	Parazoanthus_swiftii	Cnidaria	Hexacorallia	Zoantharia	Parazoanthidae	Parazoanthus	Parazoanthus swiftii	328570	283872	2258028
Pavona decussata	Pavona_decussata	Pavona_decussata	Cnidaria	Hexacorallia	Scleractinia	Agariciidae	Pavona	Pavona decussata	227230	207320	2260543
Phacellophora camtschatica	Phacellophora_camtschatica	Phacellophora_camtschatica	Cnidaria	Scyphozoa	Semaeostomeae	Ulmaridae	Phacellophora	Phacellophora camtschatica	168771	135309	2264449
Phenganax marumi	Phenganax_marumi	Phenganax_marumi	Cnidaria	Octocorallia	Malacalcyonacea	Clavulariidae	Phenganax	Phenganax marumi	2608290	1371886	10060647
Phenganax stokvisi	Phenganax_stokvisi	Phenganax_stokvisi	Cnidaria	Octocorallia	Malacalcyonacea	Clavulariidae	Phenganax	Phenganax stokvisi	2614786	1371888	10623713
Phenganax subtilis	Phenganax_subtilis	Phenganax_subtilis	Cnidaria	Octocorallia	Malacalcyonacea	Clavulariidae	Phenganax	Phenganax subtilis	2614787	1371887	10227230
Phyllorhiza punctata	Phyllorhiza_punctata	Phyllorhiza_punctata	Cnidaria	Scyphozoa	Rhizostomeae	Mastigiidae	Phyllorhiza	Phyllorhiza punctata	493932	135298	2264530
Phymanthus crucifer	Phymanthus_crucifer	Phymanthus_crucifer	Cnidaria	Hexacorallia	Actiniaria	Phymanthidae	Phymanthus	Phymanthus crucifer	1291152	283712	2257134
Phymanthus loligo	Phymanthus_loligo	Phymanthus_loligo	Cnidaria	Hexacorallia	Actiniaria	Phymanthidae	Phymanthus	Phymanthus loligo	478417	220511	7545862
Physalia physalis	Physalia_physalis	Physalia_physalis	Cnidaria	Hydrozoa	Siphonophorae	Physaliidae	Physalia	Physalia physalis	168775	135479	2264734
Pocillopora grandis	Pocillopora_grandis	Pocillopora_grandis	Cnidaria	Hexacorallia	Scleractinia	Pocilloporidae	Pocillopora	Pocillopora grandis	2759717	206952	4339426
Polymyces sp. M5039	Polymyces_sp_M5039	Polymyces_sp_M5039	Cnidaria	Hexacorallia	Scleractinia	Flabellidae	Polymyces	Polymyces sp. M5039	3462288	-	-
Pseudodiploria clivosa	Pseudodiploria_clivosa	Pseudodiploria_clivosa	Cnidaria	Hexacorallia	Scleractinia	Mussidae	Pseudodiploria	Pseudodiploria clivosa	1917265	828326	8377035
Pseudorhiza aurosa	Pseudorhiza_aurosa	Pseudorhiza_aurosa	Cnidaria	Scyphozoa	Rhizostomeae	Lychnorhizidae	Pseudorhiza	Pseudorhiza aurosa	3286092	290911	5185450
Pteroeides caledonicum	Pteroeides_caledonicum	Pteroeides_caledonicum	Cnidaria	Octocorallia	Scleralcyonacea	Pennatulidae	Pteroeides	Pteroeides caledonicum	2493141	286646	2258670
Pterogorgia guadalupensis	Pterogorgia_guadalupensis	Pterogorgia_guadalupensis	Cnidaria	Octocorallia	Malacalcyonacea	Pterogorgiidae	Pterogorgia	Pterogorgia guadalupensis	1607761	290927	2264062
Ptychogena californica	Ptychogena_californica	Ptychogena_californica	Cnidaria	Hydrozoa	Leptothecata	Laodiceidae	Ptychogena	Ptychogena californica	3105999	285037	2267869
Radianthus crispa	Radianthus_crispa	Radianthus_crispa	Cnidaria	Hexacorallia	Actiniaria	Stichodactylidae	Radianthus	Radianthus crispa	3122430	290089	2257075
Ragactis hyalina	Ragactis_hyalina	Ragactis_hyalina	Cnidaria	Hexacorallia	Actiniaria	Aiptasiidae	Ragactis	Ragactis hyalina	3286151	446809	6472264
Renilla koellikeri	Renilla_koellikeri	Renilla_koellikeri	Cnidaria	Octocorallia	Scleralcyonacea	Renillidae	Renilla	Renilla koellikeri	6135	290961	2258828
Renilla reniformis	Renilla_reniformis	Renilla_reniformis	Cnidaria	Octocorallia	Scleralcyonacea	Renillidae	Renilla	Renilla reniformis	6136	290965	2258832
Sarsia tubulosa	Sarsia_tubulosa	Sarsia_tubulosa	Cnidaria	Hydrozoa	Anthoathecata	Corynidae	Sarsia	Sarsia tubulosa	264121	117491	2266276
Scolionema suvaense	Scolionema_suvaense	Scolionema_suvaense	Cnidaria	Hydrozoa	Limnomedusae	Olindiidae	Scolionema	Scolionema suvaense	340365	231673	5185790
Sertularella gayi	Sertularella_gayi	Sertularella_gayi	Cnidaria	Hydrozoa	Leptothecata	Sertulariidae	Sertularella	Sertularella gayi	662004	117902	2268974
Sphaeromyxa zaharoni	Sphaeromyxa_zaharoni	Sphaeromyxa_zaharoni	Cnidaria	Myxozoa	Bivalvulida	Sphaeromyxidae	Sphaeromyxa	Sphaeromyxa zaharoni	275449	388679	5722131
Sphaerospora molnari	Sphaerospora_molnari	Sphaerospora_molnari	Cnidaria	Myxozoa	Bivalvulida	Sphaerosporidae	Sphaerospora	Sphaerospora molnari	182359	1717685	-
Sphenopus marsupialis	Sphenopus_marsupialis	Sphenopus_marsupialis	Cnidaria	Hexacorallia	Zoantharia	Sphenopidae	Sphenopus	Sphenopus marsupialis	541214	291061	5184349
Stichodactyla haddoni	Stichodactyla_haddoni	Stichodactyla_haddoni	Cnidaria	Hexacorallia	Actiniaria	Stichodactylidae	Stichodactyla	Stichodactyla haddoni	475174	291134	7812410
Stichodactyla helianthus	Stichodactyla_helianthus	Stichodactyla_helianthus	Cnidaria	Hexacorallia	Actiniaria	Stichodactylidae	Stichodactyla	Stichodactyla helianthus	6123	291135	2256994
Stichodactyla mertensii	Stichodactyla_mertensii	Stichodactyla_mertensii	Cnidaria	Hexacorallia	Actiniaria	Stichodactylidae	Stichodactyla	Stichodactyla mertensii	645706	291136	2256992
Stichodactyla tapetum	Stichodactyla_tapetum	Stichodactyla_tapetum	Cnidaria	Hexacorallia	Actiniaria	Stichodactylidae	Stichodactyla	Stichodactyla tapetum	51816	291137	2257023
Stomolophus meleagris	Stomolophus_meleagris	Stomolophus_meleagris	Cnidaria	Scyphozoa	Rhizostomeae	Stomolophidae	Stomolophus	Stomolophus meleagris	168796	291140	2264558
Stomotoca atra	Stomotoca_atra	Stomotoca_atra	Cnidaria	Hydrozoa	Anthoathecata	Pandeidae	Stomotoca	Stomotoca atra	634929	221202	2266332
Stomphia didemon	Stomphia_didemon	Stomphia_didemon	Cnidaria	Hexacorallia	Actiniaria	Actinostolidae	Stomphia	Stomphia didemon	478421	283473	2256251
Stylatula elongata	Stylatula_elongata	Stylatula_elongata	Cnidaria	Octocorallia	Scleralcyonacea	Virgulariidae	Stylatula	Stylatula elongata	1214922	286695	2258874
Tamoya ohboya	Tamoya_ohboya	Tamoya_ohboya	Cnidaria	Cubozoa	Carybdeida	Tamoyidae	Tamoya	Tamoya ohboya	685043	559023	5842335
Taxipathes sp. SY275-mao	Taxipathes_sp_SY275_mao	Taxipathes_sp_SY275_mao	Cnidaria	Hexacorallia	Antipatharia	Schizopathidae	Taxipathes	Taxipathes sp. SY275-mao	3117735	-	-
Thalassianthus aster	Thalassianthus_aster	Thalassianthus_aster	Cnidaria	Hexacorallia	Actiniaria	Thalassianthidae	Thalassianthus	Thalassianthus aster	659516	291206	8107370
Tiaropsis multicirrata	Tiaropsis_multicirrata	Tiaropsis_multicirrata	Cnidaria	Hydrozoa	Leptothecata	Tiaropsidae	Tiaropsis	Tiaropsis multicirrata	662020	117978	5185846
Umimayanthus chanpuru	Umimayanthus_chanpuru	Umimayanthus_chanpuru	Cnidaria	Hexacorallia	Zoantharia	Parazoanthidae	Umimayanthus	Umimayanthus chanpuru	1643393	843619	8354754
Umimayanthus kanabou	Umimayanthus_kanabou	Umimayanthus_kanabou	Cnidaria	Hexacorallia	Zoantharia	Parazoanthidae	Umimayanthus	Umimayanthus kanabou	2839827	1532963	11200475
Umimayanthus nakama	Umimayanthus_nakama	Umimayanthus_nakama	Cnidaria	Hexacorallia	Zoantharia	Parazoanthidae	Umimayanthus	Umimayanthus nakama	1643395	843621	7524316
Umimayanthus parasiticus	Umimayanthus_parasiticus	Umimayanthus_parasiticus	Cnidaria	Hexacorallia	Zoantharia	Parazoanthidae	Umimayanthus	Umimayanthus parasiticus	2608291	847839	7978938
Urticina crassicornis	Urticina_crassicornis	Urticina_crassicornis	Cnidaria	Hexacorallia	Actiniaria	Actiniidae	Urticina	Urticina crassicornis	45621	100832	2256789
Veretillum cynomorium	Veretillum_cynomorium	Veretillum_cynomorium	Cnidaria	Octocorallia	Scleralcyonacea	Veretillidae	Veretillum	Veretillum cynomorium	1400855	128536	2258764
Virgularia gustaviana	Virgularia_gustaviana	Virgularia_gustaviana	Cnidaria	Octocorallia	Scleralcyonacea	Virgulariidae	Virgularia	Virgularia gustaviana	58815	213071	5184457
Zoanthus gigantus	Zoanthus_gigantus	Zoanthus_gigantus	Cnidaria	Hexacorallia	Zoantharia	Zoanthidae	Zoanthus	Zoanthus gigantus	329727	389864	4339673
Zoanthus pulchellus	Zoanthus_pulchellus	Zoanthus_pulchellus	Cnidaria	Hexacorallia	Zoantharia	Zoanthidae	Zoanthus	Zoanthus pulchellus	504656	288840	2257972
Zoanthus sanctaehelenae	Zoanthus_sanctaehelenae	Zoanthus_sanctaehelenae	Cnidaria	Hexacorallia	Zoantharia	Zoanthidae	Zoanthus	Zoanthus sanctaehelenae	2923275	1563061	11835567
Zoanthus sansibaricus	Zoanthus_sansibaricus	Zoanthus_sansibaricus	Cnidaria	Hexacorallia	Zoantharia	Zoanthidae	Zoanthus	Zoanthus sansibaricus	329728	220521	4339670
Zoanthus sociatus	Zoanthus_sociatus	Zoanthus_sociatus	Cnidaria	Hexacorallia	Zoantharia	Zoanthidae	Zoanthus	Zoanthus sociatus	134931	288843	2257973
Zoanthus solanderi	Zoanthus_solanderi	Zoanthus_solanderi	Cnidaria	Hexacorallia	Zoantharia	Zoanthidae	Zoanthus	Zoanthus solanderi	487818	288844	2257959
Acropora abrotanoides	Acropora_abrotanoides	Acropora_abrotanoides	Cnidaria	Hexacorallia	Scleractinia	Acroporidae	Acropora	Acropora abrotanoides	676057	207083	5711922
Alvinactis sp. YZ-2022	Alvinactis_sp_YZ_2022	Alvinactis_sp_YZ_2022	Cnidaria	Hexacorallia	Actiniaria	Actinoscyphiidae	Alvinactis	Alvinactis sp. YZ-2022	3003516	-	-
Chrysaora pentastoma	Chrysaora_pentastoma	Chrysaora_pentastoma	Cnidaria	Scyphozoa	Semaeostomeae	Pelagiidae	Chrysaora	Chrysaora pentastoma	2917773	991506	9619666
Corynactis viridis	Corynactis_viridis	Corynactis_viridis	Cnidaria	Hexacorallia	Corallimorpharia	Corallimorphidae	Corynactis	Corynactis viridis	51773	101016	2260700
Ectopleura larynx	Ectopleura_larynx	Ectopleura_larynx	Cnidaria	Hydrozoa	Anthoathecata	Tubulariidae	Ectopleura	Ectopleura larynx	264052	157933	2265665
Enteromyxum leei	Enteromyxum_leei	Enteromyxum_leei	Cnidaria	Myxozoa	Bivalvulida	Enteromyxidae	Enteromyxum	Enteromyxum leei	188704	465134	5842289
Eunicea succinea	Eunicea_succinea	Eunicea_succinea	Cnidaria	Octocorallia	Malacalcyonacea	Plexauridae	Eunicea	Eunicea succinea	287898	283262	5184896
Muricea laxa	Muricea_laxa	Muricea_laxa	Cnidaria	Octocorallia	Malacalcyonacea	Plexauridae	Muricea	Muricea laxa	287906	287567	2260967
Platygyra daedalea	Platygyra_daedalea	Platygyra_daedalea	Cnidaria	Hexacorallia	Scleractinia	Merulinidae	Platygyra	Platygyra daedalea	214987	207489	5184733
Rhizostoma luteum	Rhizostoma_luteum	Rhizostoma_luteum	Cnidaria	Scyphozoa	Rhizostomeae	Rhizostomatidae	Rhizostoma	Rhizostoma luteum	1246625	287186	5185452
Sarcophyton elegans	Sarcophyton_elegans	Sarcophyton_elegans	Cnidaria	Octocorallia	Malacalcyonacea	Alcyoniidae	Sarcophyton	Sarcophyton elegans	358801	209615	5185215
Umimayanthus sp. GHC0000340	Umimayanthus_sp_GHC0000340	Umimayanthus_sp_GHC0000340	Cnidaria	Hexacorallia	Zoantharia	Parazoanthidae	Umimayanthus	Umimayanthus sp. GHC0000340	3415241	-	-
Coelastrea aspera	Coelastrea_aspera	Coelastrea_aspera	Cnidaria	Hexacorallia	Scleractinia	Merulinidae	Coelastrea	Coelastrea aspera	1540031	762427	-
